Workbook

Sheet DIAGNÓSTICO
A1: PORTAFOLIO | B1: TIPO DE AUDITORÍA | C1: GESTOR | D1: VERSION | E1: CODIGO | F1: FECHA MONITOREO | G1: TIPO DE PUNTAJE | H1: CARTERA | I1: NOMBRE EJECUTIVO | J1: CEDULA TT | K1: NOMBRE TT | L1: TELEFONO | M1: FECHA DE ATENCIÃ“N | N1: CALIFICACION TOTAL | O1: DESCRIPCIÃ“N | P1: PresentaciÃ³n, | Q1: Explica el motivo de la llamada de forma clara y rÃ¡pida, | R1: Escucha Activa, | S1: Preguntar, | T1: Rebatir, | U1: Vender, | V1: Beneficios, | W1: Cierre, | X1: ActualizaciÃ³n de datos, | Y1: Despedida, | Z1: Oferta, | AA1: Conocimiento Del Producto | AB1: ModulaciÃ³n | AC1: Muletillas | AD1: Ruido Ambiente | AE1: TMO | AF1: Manejo De Emociones, | AG1: AtenciÃ³n Oportuna, | AH1: Tiempos Muertos, | AI1: Corte De ComunicaciÃ³n, | AJ1: TipificaciÃ³n, | AK1: ObservaciÃ³n, | AL1: Registro De Datos Actualizados, | AM1: Agendamiento, | AN1: Cumplimiento En Seguimiento, | AO1: Realiza DevoluciÃ³n De Llamada | AP1: Uso De Medios, | AQ1: Protocolo De GestiÃ³n, | AR1: Protocolo De GestiÃ³n | AS1: Calificacionnegativa | AT1: Cuartil Actual
A2: EMPRESARIAL VIGENTE | B2: DIAGNÓSTICO | C2: cristian.gallego543 | D2: 3 | E2: CODIGO PS-F-03 | F2: 2025-09-12 15:44:34.03636 | G2: KPI | H2: CrediOrbe Vigente | I2: cristian.cifuentes013 | J2: 2036644 | K2: YESICA CATHERINE BAUTISTA PALACIO | L2: 3188120410 | M2: 45903 | N2: 6.9 | O2: LLAMADA TELEFÃ“NICATIPO AUDITORIA | P2: 0 | Q2: 0 | R2: 0 | S2: 0 | T2: 0 | U2: 3.45 | V2: 3.45 | W2: 0 | X2: 0 | Y2: 0 | Z2: 0 | AA2: 0 | AB2: 0 | AC2: 0 | AD2: 0 | AE2: 0 | AF2: 0 | AG2: 0 | AH2: 0 | AI2: 0 | AJ2: 0 | AK2: 0 | AL2: 0 | AM2: 0 | AN2: 0 | AO2: 0 | AP2: 0 | AQ2: 0 | AR2: 0 | AS2: =SUMIF(P2:AR2,3.45) -> 6.9 | AT2: 100
A3: EMPRESARIAL VIGENTE | B3: DIAGNÓSTICO | C3: cristian.gallego543 | D3: 3 | E3: CODIGO PS-F-03 | F3: 2025-09-05 14:26:25.633078 | G3: KPI | H3: CrediOrbe Vigente | I3: cristian.cifuentes013 | J3: 2012501 | K3: Marelis yanilis orozco cabarcas | L3: 3124250477 | M3: 45895 | N3: 13.8 | O3: LLAMADA TELEFÃ“NICATIPO AUDITORIA | P3: 0 | Q3: 0 | R3: 0 | S3: 0 | T3: 3.45 | U3: 3.45 | V3: 3.45 | W3: 3.45 | X3: 0 | Y3: 0 | Z3: 0 | AA3: 0 | AB3: 0 | AC3: 0 | AD3: 0 | AE3: 0 | AF3: 0 | AG3: 0 | AH3: 0 | AI3: 0 | AJ3: 0 | AK3: 0 | AL3: 0 | AM3: 0 | AN3: 0 | AO3: 0 | AP3: 0 | AQ3: 0 | AR3: 0 | AS3: =SUMIF(P3:AR3,3.45) -> 13.8
A4: EMPRESARIAL VIGENTE | B4: DIAGNÓSTICO | C4: cristian.gallego543 | D4: 3 | E4: CODIGO PS-F-03 | F4: 2025-09-05 11:01:52.205482 | G4: KPI | H4: CrediOrbe Vigente | I4: cristian.cifuentes013 | J4: 1980561 | K4: YEIMY KATHERINE VALDELAMAR MARIN | L4: 3136765995 | M4: 45895 | N4: 20.7 | O4: LLAMADA TELEFÃ“NICATIPO AUDITORIA | P4: 0 | Q4: 3.45 | R4: 0 | S4: 0 | T4: 3.45 | U4: 3.45 | V4: 3.45 | W4: 3.45 | X4: 0 | Y4: 3.45 | Z4: 0 | AA4: 0 | AB4: 0 | AC4: 0 | AD4: 0 | AE4: 0 | AF4: 0 | AG4: 0 | AH4: 0 | AI4: 0 | AJ4: 0 | AK4: 0 | AL4: 0 | AM4: 0 | AN4: 0 | AO4: 0 | AP4: 0 | AQ4: 0 | AR4: 0 | AS4: =SUMIF(P4:AR4,3.45) -> 20.7
A5: EMPRESARIAL VIGENTE | B5: DIAGNÓSTICO | C5: cristian.gallego543 | D5: 3 | E5: CODIGO PS-F-03 | F5: 2025-09-05 10:16:55.792877 | G5: KPI | H5: CrediOrbe Vigente | I5: cristian.cifuentes013 | J5: 1912585 | L5: 3136730889 | M5: 45894 | N5: 27.6 | O5: LLAMADA TELEFÃ“NICATIPO AUDITORIA | P5: 0 | Q5: 3.45 | R5: 0 | S5: 0 | T5: 3.45 | U5: 3.45 | V5: 3.45 | W5: 3.45 | X5: 0 | Y5: 3.45 | Z5: 3.45 | AA5: 0 | AB5: 0 | AC5: 0 | AD5: 0 | AE5: 0 | AF5: 0 | AG5: 0 | AH5: 0 | AI5: 0 | AJ5: 0 | AK5: 3.45 | AL5: 0 | AM5: 0 | AN5: 0 | AO5: 0 | AP5: 0 | AQ5: 0 | AR5: 0 | AS5: =SUMIF(P5:AR5,3.45) -> 27.6
A6: EMPRESARIAL VIGENTE | B6: DIAGNÓSTICO | C6: cristian.gallego543 | D6: 3 | E6: CODIGO PS-F-03 | F6: 2025-09-04 17:02:30.718431 | G6: KPI | H6: CrediOrbe Vigente | I6: cristian.cifuentes013 | J6: 1862296 | K6: MARLENY MONTIEL PRADA | L6: 3195715429 | M6: 45898 | N6: 24.15 | O6: LLAMADA TELEFÃ“NICATIPO AUDITORIA | P6: 0 | Q6: 3.45 | R6: 0 | S6: 0 | T6: 3.45 | U6: 0 | V6: 3.45 | W6: 3.45 | X6: 3.45 | Y6: 3.45 | Z6: 0 | AA6: 0 | AB6: 0 | AC6: 0 | AD6: 0 | AE6: 0 | AF6: 0 | AG6: 0 | AH6: 0 | AI6: 0 | AJ6: 0 | AK6: 0 | AL6: 0 | AM6: 0 | AN6: 0 | AO6: 0 | AP6: 0 | AQ6: 0 | AR6: 3.45 | AS6: =SUMIF(P6:AR6,3.45) -> 24.15
A7: EMPRESARIAL VIGENTE | B7: DIAGNÓSTICO | C7: CRISTIAN CIFUENTES | O7: SUBTOTAL | P7: =SUM(P2:P6) -> 0 | Q7: =SUM(Q2:Q6) -> 10.35 | R7: =SUM(R2:R6) -> 0 | S7: =SUM(S2:S6) -> 0 | T7: =SUM(T2:T6) -> 13.8 | U7: =SUM(U2:U6) -> 13.8 | V7: =SUM(V2:V6) -> 17.25 | W7: =SUM(W2:W6) -> 13.8 | ... AS7: =SUM(AS2:AS6) -> 93.15
A8: EMPRESARIAL VIGENTE | B8: DIAGNÓSTICO | C8: cristian.gallego543 | D8: 3 | E8: CODIGO PS-F-03 | F8: 2025-09-17 11:19:59.561569 | G8: KPI | H8: CrediOrbe Vigente | I8: valeria.giraldo913 | J8: 2116291 | K8: FELIPE DE JESUS GONZALEZ LOAIZA | L8: 3017616045 | M8: 45894 | N8: 13.8 | O8: LLAMADA TELEFÃ“NICATIPO AUDITORIA | P8: 3.45 | Q8: 3.45 | R8: 0 | S8: 0 | T8: 0 | U8: 0 | V8: 0 | W8: 3.45 | X8: 0 | Y8: 3.45 | Z8: 0 | AA8: 0 | AB8: 0 | AC8: 0 | AD8: 0 | AE8: 0 | AF8: 0 | AG8: 0 | AH8: 0 | AI8: 0 | AJ8: 0 | AK8: 0 | AL8: 0 | AM8: 0 | AN8: 0 | AO8: 0 | AP8: 0 | AQ8: 0 | AR8: 0 | AS8: =SUMIF(P8:AR8,3.45) -> 13.8
A9: EMPRESARIAL VIGENTE | B9: DIAGNÓSTICO | C9: cristian.gallego543 | D9: 3 | E9: CODIGO PS-F-03 | F9: 2025-09-17 09:45:07.882145 | G9: KPI | H9: CrediOrbe Vigente | I9: valeria.giraldo913 | J9: 2124205 | K9: MAYERLIN CASTILLO PERLAZA | L9: 3217239673 | M9: 45917 | N9: 10.35 | O9: LLAMADA TELEFÃ“NICATIPO AUDITORIA | P9: 3.45 | Q9: 0 | R9: 0 | S9: 0 | T9: 0 | U9: 0 | V9: 0 | W9: 0 | X9: 3.45 | Y9: 0 | Z9: 0 | AA9: 0 | AB9: 0 | AC9: 0 | AD9: 0 | AE9: 0 | AF9: 0 | AG9: 0 | AH9: 0 | AI9: 0 | AJ9: 3.45 | AK9: 0 | AL9: 0 | AM9: 0 | AN9: 0 | AO9: 0 | AP9: 0 | AQ9: 0 | AR9: 0 | AS9: =SUMIF(P9:AR9,3.45) -> 10.35
A10: EMPRESARIAL VIGENTE | B10: DIAGNÓSTICO | C10: cristian.gallego543 | D10: 3 | E10: CODIGO PS-F-03 | F10: 2025-09-09 11:21:05.185376 | G10: KPI | H10: CrediOrbe Vigente | I10: valeria.giraldo913 | J10: 1113036406 | K10: YURI VALENCIA VALENCIA | L10: 3145950331 | M10: 45898 | N10: 3.45 | O10: LLAMADA TELEFÃ“NICATIPO AUDITORIA | P10: 0 | Q10: 0 | R10: 0 | S10: 0 | T10: 0 | U10: 0 | V10: 0 | W10: 0 | X10: 0 | Y10: 0 | Z10: 0 | AA10: 0 | AB10: 0 | AC10: 0 | AD10: 0 | AE10: 0 | AF10: 0 | AG10: 0 | AH10: 0 | AI10: 0 | AJ10: 3.45 | AK10: 0 | AL10: 0 | AM10: 0 | AN10: 0 | AO10: 0 | AP10: 0 | AQ10: 0 | AR10: 0 | AS10: =SUMIF(P10:AR10,3.45) -> 3.45
A11: EMPRESARIAL VIGENTE | B11: DIAGNÓSTICO | C11: cristian.gallego543 | D11: 3 | E11: CODIGO PS-F-03 | F11: 2025-09-08 16:43:21.791706 | G11: KPI | H11: CrediOrbe Vigente | I11: valeria.giraldo913 | J11: 1879815 | K11: MARIA ELSI LEYTON GAITAN | L11: 3222889204 | M11: 45894 | N11: 24.15 | O11: LLAMADA TELEFÃ“NICATIPO AUDITORIA | P11: 0 | Q11: 3.45 | R11: 3.45 | S11: 3.45 | T11: 3.45 | U11: 3.45 | V11: 3.45 | W11: 0 | X11: 0 | Y11: 0 | Z11: 0 | AA11: 0 | AB11: 0 | AC11: 0 | AD11: 0 | AE11: 3.45 | AF11: 0 | AG11: 0 | AH11: 0 | AI11: 0 | AJ11: 0 | AK11: 0 | AL11: 0 | AM11: 0 | AN11: 0 | AO11: 0 | AP11: 0 | AQ11: 0 | AR11: 0 | AS11: =SUMIF(P11:AR11,3.45) -> 24.15
A12: EMPRESARIAL VIGENTE | B12: DIAGNÓSTICO | C12: cristian.gallego543 | D12: 3 | E12: CODIGO PS-F-03 | F12: 2025-09-08 14:18:49.824369 | G12: KPI | H12: CrediOrbe Vigente | I12: valeria.giraldo913 | J12: 1862295 | K12: MARLENY MONTIEL PRADA | L12: 3195715429 | M12: 45884 | N12: 13.8 | O12: LLAMADA TELEFÃ“NICATIPO AUDITORIA | P12: 0 | Q12: 3.45 | R12: 0 | S12: 3.45 | T12: 0 | U12: 3.45 | V12: 3.45 | W12: 0 | X12: 0 | Y12: 0 | Z12: 0 | AA12: 0 | AB12: 0 | AC12: 0 | AD12: 0 | AE12: 0 | AF12: 0 | AG12: 0 | AH12: 0 | AI12: 0 | AJ12: 0 | AK12: 0 | AL12: 0 | AM12: 0 | AN12: 0 | AO12: 0 | AP12: 0 | AQ12: 0 | AR12: 0 | AS12: =SUMIF(P12:AR12,3.45) -> 13.8
A13: EMPRESARIAL VIGENTE | B13: DIAGNÓSTICO | C13: VALERIA GIRALDO | O13: SUBTOTAL | P13: =SUM(P8:P12) -> 6.9 | Q13: =SUM(Q8:Q12) -> 10.35 | R13: =SUM(R8:R12) -> 3.45 | S13: =SUM(S8:S12) -> 6.9 | T13: =SUM(T8:T12) -> 3.45 | U13: =SUM(U8:U12) -> 6.9 | V13: =SUM(V8:V12) -> 6.9 | W13: =SUM(W8:W12) -> 3.45 | ... AS13: =SUM(AS8:AS12) -> 65.55
A14: EMPRESARIAL VIGENTE | B14: DIAGNÓSTICO | C14: cristian.gallego543 | D14: 3 | E14: CODIGO PS-F-03 | F14: 2025-09-15 17:35:54.879775 | G14: KPI | H14: CrediOrbe Vigente | I14: yiseth.cifuentes484 | J14: 2294322 | K14: LUIS FRANCISCO GARZON RAMOS | L14: 3122010235 | M14: 45897 | N14: 41.4 | O14: LLAMADA TELEFÃ“NICATIPO AUDITORIA | P14: 0 | Q14: 3.45 | R14: 3.45 | S14: 3.45 | T14: 3.45 | U14: 3.45 | V14: 3.45 | W14: 0 | X14: 0 | Y14: 0 | Z14: 3.45 | AA14: 3.45 | AB14: 0 | AC14: 3.45 | AD14: 0 | AE14: 3.45 | AF14: 3.45 | AG14: 0 | AH14: 0 | AI14: 0 | AJ14: 3.45 | AK14: 0 | AL14: 0 | AM14: 0 | AN14: 0 | AO14: 0 | AP14: 0 | AQ14: 0 | AR14: 0 | AS14: =SUMIF(P14:AR14,3.45) -> 41.4
A15: EMPRESARIAL VIGENTE | B15: DIAGNÓSTICO | C15: cristian.gallego543 | D15: 3 | E15: CODIGO PS-F-03 | F15: 2025-09-15 15:27:07.624594 | G15: KPI | H15: CrediOrbe Vigente | I15: yiseth.cifuentes484 | J15: 2289441 | K15: NORIA CAMAYO CAMPO | L15: 3102103741 | M15: 45894 | N15: 27.6 | O15: LLAMADA TELEFÃ“NICATIPO AUDITORIA | P15: 0 | Q15: 0 | R15: 3.45 | S15: 3.45 | T15: 3.45 | U15: 3.45 | V15: 3.45 | W15: 0 | X15: 0 | Y15: 0 | Z15: 0 | AA15: 0 | AB15: 0 | AC15: 0 | AD15: 0 | AE15: 3.45 | AF15: 3.45 | AG15: 0 | AH15: 0 | AI15: 0 | AJ15: 3.45 | AK15: 0 | AL15: 0 | AM15: 0 | AN15: 0 | AO15: 0 | AP15: 0 | AQ15: 0 | AR15: 0 | AS15: =SUMIF(P15:AR15,3.45) -> 27.6
A16: EMPRESARIAL VIGENTE | B16: DIAGNÓSTICO | C16: cristian.gallego543 | D16: 3 | E16: CODIGO PS-F-03 | F16: 2025-09-15 13:50:44.289667 | G16: KPI | H16: CrediOrbe Vigente | I16: yiseth.cifuentes484 | J16: 1869928 | K16: EDGAR ANDRES GOMEZ PICON | L16: 3016666239 | M16: 45906 | N16: 3.45 | O16: LLAMADA TELEFÃ“NICATIPO AUDITORIA | P16: 3.45 | Q16: 0 | R16: 0 | S16: 0 | T16: 0 | U16: 0 | V16: 0 | W16: 0 | X16: 0 | Y16: 0 | Z16: 0 | AA16: 0 | AB16: 0 | AC16: 0 | AD16: 0 | AE16: 0 | AF16: 0 | AG16: 0 | AH16: 0 | AI16: 0 | AJ16: 0 | AK16: 0 | AL16: 0 | AM16: 0 | AN16: 0 | AO16: 0 | AP16: 0 | AQ16: 0 | AR16: 0 | AS16: =SUMIF(P16:AR16,3.45) -> 3.45
A17: EMPRESARIAL VIGENTE | B17: DIAGNÓSTICO | C17: cristian.gallego543 | D17: 3 | E17: CODIGO PS-F-03 | F17: 2025-09-10 13:52:51.508716 | G17: KPI | H17: CrediOrbe Vigente | I17: yiseth.cifuentes484 | J17: 2160759 | K17: JORGE ARMANDO SANTANA SOTO | L17: 3202279425 | M17: 45895 | N17: 6.9 | O17: LLAMADA TELEFÃ“NICATIPO AUDITORIA | P17: 0 | Q17: 0 | R17: 3.45 | S17: 0 | T17: 0 | U17: 0 | V17: 0 | W17: 0 | X17: 0 | Y17: 0 | Z17: 0 | AA17: 0 | AB17: 0 | AC17: 0 | AD17: 0 | AE17: 0 | AF17: 3.45 | AG17: 0 | AH17: 0 | AI17: 0 | AJ17: 0 | AK17: 0 | AL17: 0 | AM17: 0 | AN17: 0 | AO17: 0 | AP17: 0 | AQ17: 0 | AR17: 0 | AS17: =SUMIF(P17:AR17,3.45) -> 6.9
A18: EMPRESARIAL VIGENTE | B18: DIAGNÓSTICO | C18: cristian.gallego543 | D18: 3 | E18: CODIGO PS-F-03 | F18: 2025-09-10 11:57:53.944297 | G18: KPI | H18: CrediOrbe Vigente | I18: yiseth.cifuentes484 | J18: 2052224 | K18: MAYRA ALEJANDRA CORONADO TRUJILLO | L18: 3102103741 | M18: 45897 | N18: 10.35 | O18: LLAMADA TELEFÃ“NICATIPO AUDITORIA | P18: 0 | Q18: 0 | R18: 0 | S18: 0 | T18: 3.45 | U18: 3.45 | V18: 3.45 | W18: 0 | X18: 0 | Y18: 0 | Z18: 0 | AA18: 0 | AB18: 0 | AC18: 0 | AD18: 0 | AE18: 0 | AF18: 0 | AG18: 0 | AH18: 0 | AI18: 0 | AJ18: 0 | AK18: 0 | AL18: 0 | AM18: 0 | AN18: 0 | AO18: 0 | AP18: 0 | AQ18: 0 | AR18: 0 | AS18: =SUMIF(P18:AR18,3.45) -> 10.35
A19: EMPRESARIAL VIGENTE | B19: DIAGNÓSTICO | C19: YISETH CIFUENTES | O19: SUBTOTAL | P19: =SUM(P14:P18) -> 3.45 | Q19: =SUM(Q14:Q18) -> 3.45 | R19: =SUM(R14:R18) -> 10.35 | S19: =SUM(S14:S18) -> 6.9 | T19: =SUM(T14:T18) -> 10.35 | U19: =SUM(U14:U18) -> 10.35 | V19: =SUM(V14:V18) -> 10.35 | W19: =SUM(W14:W18) -> 0 | ... AS19: =SUM(AS14:AS18) -> 89.7
A20: EMPRESARIAL VIGENTE | B20: DIAGNÓSTICO | O20: TOTAL EQUIPO | P20: =SUM(P7,P13,P19) -> 10.35 | Q20: =SUM(Q7,Q13,Q19) -> 24.15 | R20: =SUM(R7,R13,R19) -> 13.8 | S20: =SUM(S7,S13,S19) -> 13.8 | T20: =SUM(T7,T13,T19) -> 27.6 | U20: =SUM(U7,U13,U19) -> 31.05 | V20: =SUM(V7,V13,V19) -> 34.5 | W20: =SUM(W7,W13,W19) -> 17.25 | ... AS20: =SUM(AS7,AS13,AS19) -> 248.4
A21: EMPRESARIAL VIGENTE | B21: MONITOREO 1 | C21: cristian.gallego543 | D21: 3 | E21: CODIGO PS-F-03 | F21: 2025-09-12 15:44:34.03636 | G21: KPI | H21: CrediOrbe Vigente | I21: cristian.cifuentes013 | J21: 2036644 | K21: YESICA CATHERINE BAUTISTA PALACIO | L21: 3188120410 | M21: 45903 | N21: 6.9 | O21: LLAMADA TELEFÃ“NICATIPO AUDITORIA | P21: 0 | Q21: 0 | R21: 0 | S21: 0 | T21: 0 | U21: 0 | V21: 0 | W21: 0 | X21: 0 | Y21: 0 | Z21: 0 | AA21: 0 | AB21: 0 | AC21: 0 | AD21: 0 | AE21: 0 | AF21: 0 | AG21: 0 | AH21: 0 | AI21: 0 | AJ21: 0 | AK21: 0 | AL21: 0 | AM21: 0 | AN21: 0 | AO21: 0 | AP21: 0 | AQ21: 0 | AR21: 0 | AS21: =SUMIF(P21:AR21,3.45) -> 0
A22: EMPRESARIAL VIGENTE | B22: MONITOREO 1 | C22: cristian.gallego543 | D22: 3 | E22: CODIGO PS-F-03 | F22: 2025-09-05 14:26:25.633078 | G22: KPI | H22: CrediOrbe Vigente | I22: cristian.cifuentes013 | J22: 2012501 | K22: Marelis yanilis orozco cabarcas | L22: 3124250477 | M22: 45895 | N22: 13.8 | O22: LLAMADA TELEFÃ“NICATIPO AUDITORIA | P22: 0 | Q22: 0 | R22: 0 | S22: 0 | T22: 0 | U22: 0 | V22: 0 | W22: 0 | X22: 0 | Y22: 0 | Z22: 0 | AA22: 0 | AB22: 0 | AC22: 0 | AD22: 0 | AE22: 0 | AF22: 0 | AG22: 0 | AH22: 0 | AI22: 0 | AJ22: 0 | AK22: 0 | AL22: 0 | AM22: 0 | AN22: 0 | AO22: 0 | AP22: 0 | AQ22: 0 | AR22: 0 | AS22: =SUMIF(P22:AR22,3.45) -> 0
A23: EMPRESARIAL VIGENTE | B23: MONITOREO 1 | C23: cristian.gallego543 | D23: 3 | E23: CODIGO PS-F-03 | F23: 2025-09-05 11:01:52.205482 | G23: KPI | H23: CrediOrbe Vigente | I23: cristian.cifuentes013 | J23: 1980561 | K23: YEIMY KATHERINE VALDELAMAR MARIN | L23: 3136765995 | M23: 45895 | N23: 20.7 | O23: LLAMADA TELEFÃ“NICATIPO AUDITORIA | P23: 0 | Q23: 0 | R23: 0 | S23: 0 | T23: 0 | U23: 0 | V23: 0 | W23: 0 | X23: 0 | Y23: 0 | Z23: 0 | AA23: 0 | AB23: 0 | AC23: 0 | AD23: 0 | AE23: 0 | AF23: 0 | AG23: 0 | AH23: 0 | AI23: 0 | AJ23: 0 | AK23: 0 | AL23: 0 | AM23: 0 | AN23: 0 | AO23: 0 | AP23: 0 | AQ23: 0 | AR23: 0 | AS23: =SUMIF(P23:AR23,3.45) -> 0
A24: EMPRESARIAL VIGENTE | B24: MONITOREO 1 | C24: cristian.gallego543 | D24: 3 | E24: CODIGO PS-F-03 | F24: 2025-09-05 10:16:55.792877 | G24: KPI | H24: CrediOrbe Vigente | I24: cristian.cifuentes013 | J24: 1912585 | L24: 3136730889 | M24: 45894 | N24: 27.6 | O24: LLAMADA TELEFÃ“NICATIPO AUDITORIA | P24: 0 | Q24: 0 | R24: 0 | S24: 0 | T24: 0 | U24: 0 | V24: 0 | W24: 0 | X24: 0 | Y24: 0 | Z24: 0 | AA24: 0 | AB24: 0 | AC24: 0 | AD24: 0 | AE24: 0 | AF24: 0 | AG24: 0 | AH24: 0 | AI24: 0 | AJ24: 0 | AK24: 0 | AL24: 0 | AM24: 0 | AN24: 0 | AO24: 0 | AP24: 0 | AQ24: 0 | AR24: 0 | AS24: =SUMIF(P24:AR24,3.45) -> 0
A25: EMPRESARIAL VIGENTE | B25: MONITOREO 1 | C25: cristian.gallego543 | D25: 3 | E25: CODIGO PS-F-03 | F25: 2025-09-04 17:02:30.718431 | G25: KPI | H25: CrediOrbe Vigente | I25: cristian.cifuentes013 | J25: 1862296 | K25: MARLENY MONTIEL PRADA | L25: 3195715429 | M25: 45898 | N25: 24.15 | O25: LLAMADA TELEFÃ“NICATIPO AUDITORIA | P25: 0 | Q25: 0 | R25: 0 | S25: 0 | T25: 0 | U25: 0 | V25: 0 | W25: 0 | X25: 0 | Y25: 0 | Z25: 0 | AA25: 0 | AB25: 0 | AC25: 0 | AD25: 0 | AE25: 0 | AF25: 0 | AG25: 0 | AH25: 0 | AI25: 0 | AJ25: 0 | AK25: 0 | AL25: 0 | AM25: 0 | AN25: 0 | AO25: 0 | AP25: 0 | AQ25: 0 | AR25: 0 | AS25: =SUMIF(P25:AR25,3.45) -> 0
A26: EMPRESARIAL VIGENTE | B26: MONITOREO 1 | C26: CRISTIAN CIFUENTES | O26: SUBTOTAL | P26: =SUM(P21:P25) -> 0 | Q26: =SUM(Q21:Q25) -> 0 | R26: =SUM(R21:R25) -> 0 | S26: =SUM(S21:S25) -> 0 | T26: =SUM(T21:T25) -> 0 | U26: =SUM(U21:U25) -> 0 | V26: =SUM(V21:V25) -> 0 | W26: =SUM(W21:W25) -> 0 | ... AS26: =SUM(AS21:AS25) -> 0
A27: EMPRESARIAL VIGENTE | B27: MONITOREO 1 | C27: cristian.gallego543 | D27: 3 | E27: CODIGO PS-F-03 | F27: 2025-09-17 11:19:59.561569 | G27: KPI | H27: CrediOrbe Vigente | I27: valeria.giraldo913 | J27: 2116291 | K27: FELIPE DE JESUS GONZALEZ LOAIZA | L27: 3017616045 | M27: 45894 | N27: 13.8 | O27: LLAMADA TELEFÃ“NICATIPO AUDITORIA | P27: 0 | Q27: 0 | R27: 0 | S27: 0 | T27: 0 | U27: 0 | V27: 0 | W27: 0 | X27: 0 | Y27: 0 | Z27: 0 | AA27: 0 | AB27: 0 | AC27: 0 | AD27: 0 | AE27: 0 | AF27: 0 | AG27: 0 | AH27: 0 | AI27: 0 | AJ27: 0 | AK27: 0 | AL27: 0 | AM27: 0 | AN27: 0 | AO27: 0 | AP27: 0 | AQ27: 0 | AR27: 0 | AS27: =SUMIF(P27:AR27,3.45) -> 0
A28: EMPRESARIAL VIGENTE | B28: MONITOREO 1 | C28: cristian.gallego543 | D28: 3 | E28: CODIGO PS-F-03 | F28: 2025-09-17 09:45:07.882145 | G28: KPI | H28: CrediOrbe Vigente | I28: valeria.giraldo913 | J28: 2124205 | K28: MAYERLIN CASTILLO PERLAZA | L28: 3217239673 | M28: 45917 | N28: 10.35 | O28: LLAMADA TELEFÃ“NICATIPO AUDITORIA | P28: 0 | Q28: 0 | R28: 0 | S28: 0 | T28: 0 | U28: 0 | V28: 0 | W28: 0 | X28: 0 | Y28: 0 | Z28: 0 | AA28: 0 | AB28: 0 | AC28: 0 | AD28: 0 | AE28: 0 | AF28: 0 | AG28: 0 | AH28: 0 | AI28: 0 | AJ28: 0 | AK28: 0 | AL28: 0 | AM28: 0 | AN28: 0 | AO28: 0 | AP28: 0 | AQ28: 0 | AR28: 0 | AS28: =SUMIF(P28:AR28,3.45) -> 0
A29: EMPRESARIAL VIGENTE | B29: MONITOREO 1 | C29: cristian.gallego543 | D29: 3 | E29: CODIGO PS-F-03 | F29: 2025-09-09 11:21:05.185376 | G29: KPI | H29: CrediOrbe Vigente | I29: valeria.giraldo913 | J29: 1113036406 | K29: YURI VALENCIA VALENCIA | L29: 3145950331 | M29: 45898 | N29: 3.45 | O29: LLAMADA TELEFÃ“NICATIPO AUDITORIA | P29: 0 | Q29: 0 | R29: 0 | S29: 0 | T29: 0 | U29: 0 | V29: 0 | W29: 0 | X29: 0 | Y29: 0 | Z29: 0 | AA29: 0 | AB29: 0 | AC29: 0 | AD29: 0 | AE29: 0 | AF29: 0 | AG29: 0 | AH29: 0 | AI29: 0 | AJ29: 0 | AK29: 0 | AL29: 0 | AM29: 0 | AN29: 0 | AO29: 0 | AP29: 0 | AQ29: 0 | AR29: 0 | AS29: =SUMIF(P29:AR29,3.45) -> 0
A30: EMPRESARIAL VIGENTE | B30: MONITOREO 1 | C30: cristian.gallego543 | D30: 3 | E30: CODIGO PS-F-03 | F30: 2025-09-08 16:43:21.791706 | G30: KPI | H30: CrediOrbe Vigente | I30: valeria.giraldo913 | J30: 1879815 | K30: MARIA ELSI LEYTON GAITAN | L30: 3222889204 | M30: 45894 | N30: 24.15 | O30: LLAMADA TELEFÃ“NICATIPO AUDITORIA | P30: 0 | Q30: 0 | R30: 0 | S30: 0 | T30: 0 | U30: 0 | V30: 0 | W30: 0 | X30: 0 | Y30: 0 | Z30: 0 | AA30: 0 | AB30: 0 | AC30: 0 | AD30: 0 | AE30: 0 | AF30: 0 | AG30: 0 | AH30: 0 | AI30: 0 | AJ30: 0 | AK30: 0 | AL30: 0 | AM30: 0 | AN30: 0 | AO30: 0 | AP30: 0 | AQ30: 0 | AR30: 0 | AS30: =SUMIF(P30:AR30,3.45) -> 0
A31: EMPRESARIAL VIGENTE | B31: MONITOREO 1 | C31: cristian.gallego543 | D31: 3 | E31: CODIGO PS-F-03 | F31: 2025-09-08 14:18:49.824369 | G31: KPI | H31: CrediOrbe Vigente | I31: valeria.giraldo913 | J31: 1862295 | K31: MARLENY MONTIEL PRADA | L31: 3195715429 | M31: 45884 | N31: 13.8 | O31: LLAMADA TELEFÃ“NICATIPO AUDITORIA | P31: 0 | Q31: 0 | R31: 0 | S31: 0 | T31: 0 | U31: 0 | V31: 0 | W31: 0 | X31: 0 | Y31: 0 | Z31: 0 | AA31: 0 | AB31: 0 | AC31: 0 | AD31: 0 | AE31: 0 | AF31: 0 | AG31: 0 | AH31: 0 | AI31: 0 | AJ31: 0 | AK31: 0 | AL31: 0 | AM31: 0 | AN31: 0 | AO31: 0 | AP31: 0 | AQ31: 0 | AR31: 0 | AS31: =SUMIF(P31:AR31,3.45) -> 0
A32: EMPRESARIAL VIGENTE | B32: MONITOREO 1 | C32: VALERIA GIRALDO | O32: SUBTOTAL | P32: =SUM(P27:P31) -> 0 | Q32: =SUM(Q27:Q31) -> 0 | R32: =SUM(R27:R31) -> 0 | S32: =SUM(S27:S31) -> 0 | T32: =SUM(T27:T31) -> 0 | U32: =SUM(U27:U31) -> 0 | V32: =SUM(V27:V31) -> 0 | W32: =SUM(W27:W31) -> 0 | ... AS32: =SUM(AS27:AS31) -> 0
A33: EMPRESARIAL VIGENTE | B33: MONITOREO 1 | C33: cristian.gallego543 | D33: 3 | E33: CODIGO PS-F-03 | F33: 2025-09-15 17:35:54.879775 | G33: KPI | H33: CrediOrbe Vigente | I33: yiseth.cifuentes484 | J33: 2294322 | K33: LUIS FRANCISCO GARZON RAMOS | L33: 3122010235 | M33: 45897 | N33: 41.4 | O33: LLAMADA TELEFÃ“NICATIPO AUDITORIA | P33: 0 | Q33: 0 | R33: 0 | S33: 0 | T33: 0 | U33: 0 | V33: 0 | W33: 0 | X33: 0 | Y33: 0 | Z33: 0 | AA33: 0 | AB33: 0 | AC33: 0 | AD33: 0 | AE33: 0 | AF33: 0 | AG33: 0 | AH33: 0 | AI33: 0 | AJ33: 0 | AK33: 0 | AL33: 0 | AM33: 0 | AN33: 0 | AO33: 0 | AP33: 0 | AQ33: 0 | AR33: 0 | AS33: =SUMIF(P33:AR33,3.45) -> 0
A34: EMPRESARIAL VIGENTE | B34: MONITOREO 1 | C34: cristian.gallego543 | D34: 3 | E34: CODIGO PS-F-03 | F34: 2025-09-15 15:27:07.624594 | G34: KPI | H34: CrediOrbe Vigente | I34: yiseth.cifuentes484 | J34: 2289441 | K34: NORIA CAMAYO CAMPO | L34: 3102103741 | M34: 45894 | N34: 27.6 | O34: LLAMADA TELEFÃ“NICATIPO AUDITORIA | P34: 0 | Q34: 0 | R34: 0 | S34: 0 | T34: 0 | U34: 0 | V34: 0 | W34: 0 | X34: 0 | Y34: 0 | Z34: 0 | AA34: 0 | AB34: 0 | AC34: 0 | AD34: 0 | AE34: 0 | AF34: 0 | AG34: 0 | AH34: 0 | AI34: 0 | AJ34: 0 | AK34: 0 | AL34: 0 | AM34: 0 | AN34: 0 | AO34: 0 | AP34: 0 | AQ34: 0 | AR34: 0 | AS34: =SUMIF(P34:AR34,3.45) -> 0
A35: EMPRESARIAL VIGENTE | B35: MONITOREO 1 | C35: cristian.gallego543 | D35: 3 | E35: CODIGO PS-F-03 | F35: 2025-09-15 13:50:44.289667 | G35: KPI | H35: CrediOrbe Vigente | I35: yiseth.cifuentes484 | J35: 1869928 | K35: EDGAR ANDRES GOMEZ PICON | L35: 3016666239 | M35: 45906 | N35: 3.45 | O35: LLAMADA TELEFÃ“NICATIPO AUDITORIA | P35: 0 | Q35: 0 | R35: 0 | S35: 0 | T35: 0 | U35: 0 | V35: 0 | W35: 0 | X35: 0 | Y35: 0 | Z35: 0 | AA35: 0 | AB35: 0 | AC35: 0 | AD35: 0 | AE35: 0 | AF35: 0 | AG35: 0 | AH35: 0 | AI35: 0 | AJ35: 0 | AK35: 0 | AL35: 0 | AM35: 0 | AN35: 0 | AO35: 0 | AP35: 0 | AQ35: 0 | AR35: 0 | AS35: =SUMIF(P35:AR35,3.45) -> 0
A36: EMPRESARIAL VIGENTE | B36: MONITOREO 1 | C36: cristian.gallego543 | D36: 3 | E36: CODIGO PS-F-03 | F36: 2025-09-10 13:52:51.508716 | G36: KPI | H36: CrediOrbe Vigente | I36: yiseth.cifuentes484 | J36: 2160759 | K36: JORGE ARMANDO SANTANA SOTO | L36: 3202279425 | M36: 45895 | N36: 6.9 | O36: LLAMADA TELEFÃ“NICATIPO AUDITORIA | P36: 0 | Q36: 0 | R36: 0 | S36: 0 | T36: 0 | U36: 0 | V36: 0 | W36: 0 | X36: 0 | Y36: 0 | Z36: 0 | AA36: 0 | AB36: 0 | AC36: 0 | AD36: 0 | AE36: 0 | AF36: 0 | AG36: 0 | AH36: 0 | AI36: 0 | AJ36: 0 | AK36: 0 | AL36: 0 | AM36: 0 | AN36: 0 | AO36: 0 | AP36: 0 | AQ36: 0 | AR36: 0 | AS36: =SUMIF(P36:AR36,3.45) -> 0
A37: EMPRESARIAL VIGENTE | B37: MONITOREO 1 | C37: cristian.gallego543 | D37: 3 | E37: CODIGO PS-F-03 | F37: 2025-09-10 11:57:53.944297 | G37: KPI | H37: CrediOrbe Vigente | I37: yiseth.cifuentes484 | J37: 2052224 | K37: MAYRA ALEJANDRA CORONADO TRUJILLO | L37: 3102103741 | M37: 45897 | N37: 10.35 | O37: LLAMADA TELEFÃ“NICATIPO AUDITORIA | P37: 0 | Q37: 0 | R37: 0 | S37: 0 | T37: 0 | U37: 0 | V37: 0 | W37: 0 | X37: 0 | Y37: 0 | Z37: 0 | AA37: 0 | AB37: 0 | AC37: 0 | AD37: 0 | AE37: 0 | AF37: 0 | AG37: 0 | AH37: 0 | AI37: 0 | AJ37: 0 | AK37: 0 | AL37: 0 | AM37: 0 | AN37: 0 | AO37: 0 | AP37: 0 | AQ37: 0 | AR37: 0 | AS37: =SUMIF(P37:AR37,3.45) -> 0
A38: EMPRESARIAL VIGENTE | B38: MONITOREO 1 | C38: YISETH CIFUENTES | O38: SUBTOTAL | P38: =SUM(P33:P37) -> 0 | Q38: =SUM(Q33:Q37) -> 0 | R38: =SUM(R33:R37) -> 0 | S38: =SUM(S33:S37) -> 0 | T38: =SUM(T33:T37) -> 0 | U38: =SUM(U33:U37) -> 0 | V38: =SUM(V33:V37) -> 0 | W38: =SUM(W33:W37) -> 0 | ... AS38: =SUM(AS33:AS37) -> 0
A39: EMPRESARIAL VIGENTE | B39: MONITOREO 1 | O39: TOTAL EQUIPO | P39: =SUM(P26,P32,P38) -> 0 | Q39: =SUM(Q26,Q32,Q38) -> 0 | R39: =SUM(R26,R32,R38) -> 0 | S39: =SUM(S26,S32,S38) -> 0 | T39: =SUM(T26,T32,T38) -> 0 | U39: =SUM(U26,U32,U38) -> 0 | V39: =SUM(V26,V32,V38) -> 0 | W39: =SUM(W26,W32,W38) -> 0 | ... AS39: =SUM(AS26,AS32,AS38) -> 0
A40: EMPRESARIAL VIGENTE | B40: MONITOREO 2 | C40: cristian.gallego543 | D40: 3 | E40: CODIGO PS-F-03 | F40: 2025-09-12 15:44:34.03636 | G40: KPI | H40: CrediOrbe Vigente | I40: cristian.cifuentes013 | J40: 2036644 | K40: YESICA CATHERINE BAUTISTA PALACIO | L40: 3188120410 | M40: 45903 | N40: 6.9 | O40: LLAMADA TELEFÃ“NICATIPO AUDITORIA | P40: 0 | Q40: 0 | R40: 0 | S40: 0 | T40: 0 | U40: 0 | V40: 0 | W40: 0 | X40: 0 | Y40: 0 | Z40: 0 | AA40: 0 | AB40: 0 | AC40: 0 | AD40: 0 | AE40: 0 | AF40: 0 | AG40: 0 | AH40: 0 | AI40: 0 | AJ40: 0 | AK40: 0 | AL40: 0 | AM40: 0 | AN40: 0 | AO40: 0 | AP40: 0 | AQ40: 0 | AR40: 0 | AS40: =SUMIF(P40:AR40,3.45) -> 0
A41: EMPRESARIAL VIGENTE | B41: MONITOREO 2 | C41: cristian.gallego543 | D41: 3 | E41: CODIGO PS-F-03 | F41: 2025-09-05 14:26:25.633078 | G41: KPI | H41: CrediOrbe Vigente | I41: cristian.cifuentes013 | J41: 2012501 | K41: Marelis yanilis orozco cabarcas | L41: 3124250477 | M41: 45895 | N41: 13.8 | O41: LLAMADA TELEFÃ“NICATIPO AUDITORIA | P41: 0 | Q41: 0 | R41: 0 | S41: 0 | T41: 0 | U41: 0 | V41: 0 | W41: 0 | X41: 0 | Y41: 0 | Z41: 0 | AA41: 0 | AB41: 0 | AC41: 0 | AD41: 0 | AE41: 0 | AF41: 0 | AG41: 0 | AH41: 0 | AI41: 0 | AJ41: 0 | AK41: 0 | AL41: 0 | AM41: 0 | AN41: 0 | AO41: 0 | AP41: 0 | AQ41: 0 | AR41: 0 | AS41: =SUMIF(P41:AR41,3.45) -> 0
A42: EMPRESARIAL VIGENTE | B42: MONITOREO 2 | C42: cristian.gallego543 | D42: 3 | E42: CODIGO PS-F-03 | F42: 2025-09-05 11:01:52.205482 | G42: KPI | H42: CrediOrbe Vigente | I42: cristian.cifuentes013 | J42: 1980561 | K42: YEIMY KATHERINE VALDELAMAR MARIN | L42: 3136765995 | M42: 45895 | N42: 20.7 | O42: LLAMADA TELEFÃ“NICATIPO AUDITORIA | P42: 0 | Q42: 0 | R42: 0 | S42: 0 | T42: 0 | U42: 0 | V42: 0 | W42: 0 | X42: 0 | Y42: 0 | Z42: 0 | AA42: 0 | AB42: 0 | AC42: 0 | AD42: 0 | AE42: 0 | AF42: 0 | AG42: 0 | AH42: 0 | AI42: 0 | AJ42: 0 | AK42: 0 | AL42: 0 | AM42: 0 | AN42: 0 | AO42: 0 | AP42: 0 | AQ42: 0 | AR42: 0 | AS42: =SUMIF(P42:AR42,3.45) -> 0
A43: EMPRESARIAL VIGENTE | B43: MONITOREO 2 | C43: cristian.gallego543 | D43: 3 | E43: CODIGO PS-F-03 | F43: 2025-09-05 10:16:55.792877 | G43: KPI | H43: CrediOrbe Vigente | I43: cristian.cifuentes013 | J43: 1912585 | L43: 3136730889 | M43: 45894 | N43: 27.6 | O43: LLAMADA TELEFÃ“NICATIPO AUDITORIA | P43: 0 | Q43: 0 | R43: 0 | S43: 0 | T43: 0 | U43: 0 | V43: 0 | W43: 0 | X43: 0 | Y43: 0 | Z43: 0 | AA43: 0 | AB43: 0 | AC43: 0 | AD43: 0 | AE43: 0 | AF43: 0 | AG43: 0 | AH43: 0 | AI43: 0 | AJ43: 0 | AK43: 0 | AL43: 0 | AM43: 0 | AN43: 0 | AO43: 0 | AP43: 0 | AQ43: 0 | AR43: 0 | AS43: =SUMIF(P43:AR43,3.45) -> 0
A44: EMPRESARIAL VIGENTE | B44: MONITOREO 2 | C44: cristian.gallego543 | D44: 3 | E44: CODIGO PS-F-03 | F44: 2025-09-04 17:02:30.718431 | G44: KPI | H44: CrediOrbe Vigente | I44: cristian.cifuentes013 | J44: 1862296 | K44: MARLENY MONTIEL PRADA | L44: 3195715429 | M44: 45898 | N44: 24.15 | O44: LLAMADA TELEFÃ“NICATIPO AUDITORIA | P44: 0 | Q44: 0 | R44: 0 | S44: 0 | T44: 0 | U44: 0 | V44: 0 | W44: 0 | X44: 0 | Y44: 0 | Z44: 0 | AA44: 0 | AB44: 0 | AC44: 0 | AD44: 0 | AE44: 0 | AF44: 0 | AG44: 0 | AH44: 0 | AI44: 0 | AJ44: 0 | AK44: 0 | AL44: 0 | AM44: 0 | AN44: 0 | AO44: 0 | AP44: 0 | AQ44: 0 | AR44: 0 | AS44: =SUMIF(P44:AR44,3.45) -> 0
A45: EMPRESARIAL VIGENTE | B45: MONITOREO 2 | C45: CRISTIAN CIFUENTES | O45: SUBTOTAL | P45: =SUM(P40:P44) -> 0 | Q45: =SUM(Q40:Q44) -> 0 | R45: =SUM(R40:R44) -> 0 | S45: =SUM(S40:S44) -> 0 | T45: =SUM(T40:T44) -> 0 | U45: =SUM(U40:U44) -> 0 | V45: =SUM(V40:V44) -> 0 | W45: =SUM(W40:W44) -> 0 | ... AS45: =SUM(AS40:AS44) -> 0
A46: EMPRESARIAL VIGENTE | B46: MONITOREO 2 | C46: cristian.gallego543 | D46: 3 | E46: CODIGO PS-F-03 | F46: 2025-09-17 11:19:59.561569 | G46: KPI | H46: CrediOrbe Vigente | I46: valeria.giraldo913 | J46: 2116291 | K46: FELIPE DE JESUS GONZALEZ LOAIZA | L46: 3017616045 | M46: 45894 | N46: 13.8 | O46: LLAMADA TELEFÃ“NICATIPO AUDITORIA | P46: 0 | Q46: 0 | R46: 0 | S46: 0 | T46: 0 | U46: 0 | V46: 0 | W46: 0 | X46: 0 | Y46: 0 | Z46: 0 | AA46: 0 | AB46: 0 | AC46: 0 | AD46: 0 | AE46: 0 | AF46: 0 | AG46: 0 | AH46: 0 | AI46: 0 | AJ46: 0 | AK46: 0 | AL46: 0 | AM46: 0 | AN46: 0 | AO46: 0 | AP46: 0 | AQ46: 0 | AR46: 0 | AS46: =SUMIF(P46:AR46,3.45) -> 0
A47: EMPRESARIAL VIGENTE | B47: MONITOREO 2 | C47: cristian.gallego543 | D47: 3 | E47: CODIGO PS-F-03 | F47: 2025-09-17 09:45:07.882145 | G47: KPI | H47: CrediOrbe Vigente | I47: valeria.giraldo913 | J47: 2124205 | K47: MAYERLIN CASTILLO PERLAZA | L47: 3217239673 | M47: 45917 | N47: 10.35 | O47: LLAMADA TELEFÃ“NICATIPO AUDITORIA | P47: 0 | Q47: 0 | R47: 0 | S47: 0 | T47: 0 | U47: 0 | V47: 0 | W47: 0 | X47: 0 | Y47: 0 | Z47: 0 | AA47: 0 | AB47: 0 | AC47: 0 | AD47: 0 | AE47: 0 | AF47: 0 | AG47: 0 | AH47: 0 | AI47: 0 | AJ47: 0 | AK47: 0 | AL47: 0 | AM47: 0 | AN47: 0 | AO47: 0 | AP47: 0 | AQ47: 0 | AR47: 0 | AS47: =SUMIF(P47:AR47,3.45) -> 0
A48: EMPRESARIAL VIGENTE | B48: MONITOREO 2 | C48: cristian.gallego543 | D48: 3 | E48: CODIGO PS-F-03 | F48: 2025-09-09 11:21:05.185376 | G48: KPI | H48: CrediOrbe Vigente | I48: valeria.giraldo913 | J48: 1113036406 | K48: YURI VALENCIA VALENCIA | L48: 3145950331 | M48: 45898 | N48: 3.45 | O48: LLAMADA TELEFÃ“NICATIPO AUDITORIA | P48: 0 | Q48: 0 | R48: 0 | S48: 0 | T48: 0 | U48: 0 | V48: 0 | W48: 0 | X48: 0 | Y48: 0 | Z48: 0 | AA48: 0 | AB48: 0 | AC48: 0 | AD48: 0 | AE48: 0 | AF48: 0 | AG48: 0 | AH48: 0 | AI48: 0 | AJ48: 0 | AK48: 0 | AL48: 0 | AM48: 0 | AN48: 0 | AO48: 0 | AP48: 0 | AQ48: 0 | AR48: 0 | AS48: =SUMIF(P48:AR48,3.45) -> 0
A49: EMPRESARIAL VIGENTE | B49: MONITOREO 2 | C49: cristian.gallego543 | D49: 3 | E49: CODIGO PS-F-03 | F49: 2025-09-08 16:43:21.791706 | G49: KPI | H49: CrediOrbe Vigente | I49: valeria.giraldo913 | J49: 1879815 | K49: MARIA ELSI LEYTON GAITAN | L49: 3222889204 | M49: 45894 | N49: 24.15 | O49: LLAMADA TELEFÃ“NICATIPO AUDITORIA | P49: 0 | Q49: 0 | R49: 0 | S49: 0 | T49: 0 | U49: 0 | V49: 0 | W49: 0 | X49: 0 | Y49: 0 | Z49: 0 | AA49: 0 | AB49: 0 | AC49: 0 | AD49: 0 | AE49: 0 | AF49: 0 | AG49: 0 | AH49: 0 | AI49: 0 | AJ49: 0 | AK49: 0 | AL49: 0 | AM49: 0 | AN49: 0 | AO49: 0 | AP49: 0 | AQ49: 0 | AR49: 0 | AS49: =SUMIF(P49:AR49,3.45) -> 0
A50: EMPRESARIAL VIGENTE | B50: MONITOREO 2 | C50: cristian.gallego543 | D50: 3 | E50: CODIGO PS-F-03 | F50: 2025-09-08 14:18:49.824369 | G50: KPI | H50: CrediOrbe Vigente | I50: valeria.giraldo913 | J50: 1862295 | K50: MARLENY MONTIEL PRADA | L50: 3195715429 | M50: 45884 | N50: 13.8 | O50: LLAMADA TELEFÃ“NICATIPO AUDITORIA | P50: 0 | Q50: 0 | R50: 0 | S50: 0 | T50: 0 | U50: 0 | V50: 0 | W50: 0 | X50: 0 | Y50: 0 | Z50: 0 | AA50: 0 | AB50: 0 | AC50: 0 | AD50: 0 | AE50: 0 | AF50: 0 | AG50: 0 | AH50: 0 | AI50: 0 | AJ50: 0 | AK50: 0 | AL50: 0 | AM50: 0 | AN50: 0 | AO50: 0 | AP50: 0 | AQ50: 0 | AR50: 0 | AS50: =SUMIF(P50:AR50,3.45) -> 0
A51: EMPRESARIAL VIGENTE | B51: MONITOREO 2 | C51: VALERIA GIRALDO | O51: SUBTOTAL | P51: =SUM(P46:P50) -> 0 | Q51: =SUM(Q46:Q50) -> 0 | R51: =SUM(R46:R50) -> 0 | S51: =SUM(S46:S50) -> 0 | T51: =SUM(T46:T50) -> 0 | U51: =SUM(U46:U50) -> 0 | V51: =SUM(V46:V50) -> 0 | W51: =SUM(W46:W50) -> 0 | ... AS51: =SUM(AS46:AS50) -> 0
A52: EMPRESARIAL VIGENTE | B52: MONITOREO 2 | C52: cristian.gallego543 | D52: 3 | E52: CODIGO PS-F-03 | F52: 2025-09-15 17:35:54.879775 | G52: KPI | H52: CrediOrbe Vigente | I52: yiseth.cifuentes484 | J52: 2294322 | K52: LUIS FRANCISCO GARZON RAMOS | L52: 3122010235 | M52: 45897 | N52: 41.4 | O52: LLAMADA TELEFÃ“NICATIPO AUDITORIA | P52: 0 | Q52: 0 | R52: 0 | S52: 0 | T52: 0 | U52: 0 | V52: 0 | W52: 0 | X52: 0 | Y52: 0 | Z52: 0 | AA52: 0 | AB52: 0 | AC52: 0 | AD52: 0 | AE52: 0 | AF52: 0 | AG52: 0 | AH52: 0 | AI52: 0 | AJ52: 0 | AK52: 0 | AL52: 0 | AM52: 0 | AN52: 0 | AO52: 0 | AP52: 0 | AQ52: 0 | AR52: 0 | AS52: =SUMIF(P52:AR52,3.45) -> 0
A53: EMPRESARIAL VIGENTE | B53: MONITOREO 2 | C53: cristian.gallego543 | D53: 3 | E53: CODIGO PS-F-03 | F53: 2025-09-15 15:27:07.624594 | G53: KPI | H53: CrediOrbe Vigente | I53: yiseth.cifuentes484 | J53: 2289441 | K53: NORIA CAMAYO CAMPO | L53: 3102103741 | M53: 45894 | N53: 27.6 | O53: LLAMADA TELEFÃ“NICATIPO AUDITORIA | P53: 0 | Q53: 0 | R53: 0 | S53: 0 | T53: 0 | U53: 0 | V53: 0 | W53: 0 | X53: 0 | Y53: 0 | Z53: 0 | AA53: 0 | AB53: 0 | AC53: 0 | AD53: 0 | AE53: 0 | AF53: 0 | AG53: 0 | AH53: 0 | AI53: 0 | AJ53: 0 | AK53: 0 | AL53: 0 | AM53: 0 | AN53: 0 | AO53: 0 | AP53: 0 | AQ53: 0 | AR53: 0 | AS53: =SUMIF(P53:AR53,3.45) -> 0
A54: EMPRESARIAL VIGENTE | B54: MONITOREO 2 | C54: cristian.gallego543 | D54: 3 | E54: CODIGO PS-F-03 | F54: 2025-09-15 13:50:44.289667 | G54: KPI | H54: CrediOrbe Vigente | I54: yiseth.cifuentes484 | J54: 1869928 | K54: EDGAR ANDRES GOMEZ PICON | L54: 3016666239 | M54: 45906 | N54: 3.45 | O54: LLAMADA TELEFÃ“NICATIPO AUDITORIA | P54: 0 | Q54: 0 | R54: 0 | S54: 0 | T54: 0 | U54: 0 | V54: 0 | W54: 0 | X54: 0 | Y54: 0 | Z54: 0 | AA54: 0 | AB54: 0 | AC54: 0 | AD54: 0 | AE54: 0 | AF54: 0 | AG54: 0 | AH54: 0 | AI54: 0 | AJ54: 0 | AK54: 0 | AL54: 0 | AM54: 0 | AN54: 0 | AO54: 0 | AP54: 0 | AQ54: 0 | AR54: 0 | AS54: =SUMIF(P54:AR54,3.45) -> 0
A55: EMPRESARIAL VIGENTE | B55: MONITOREO 2 | C55: cristian.gallego543 | D55: 3 | E55: CODIGO PS-F-03 | F55: 2025-09-10 13:52:51.508716 | G55: KPI | H55: CrediOrbe Vigente | I55: yiseth.cifuentes484 | J55: 2160759 | K55: JORGE ARMANDO SANTANA SOTO | L55: 3202279425 | M55: 45895 | N55: 6.9 | O55: LLAMADA TELEFÃ“NICATIPO AUDITORIA | P55: 0 | Q55: 0 | R55: 0 | S55: 0 | T55: 0 | U55: 0 | V55: 0 | W55: 0 | X55: 0 | Y55: 0 | Z55: 0 | AA55: 0 | AB55: 0 | AC55: 0 | AD55: 0 | AE55: 0 | AF55: 0 | AG55: 0 | AH55: 0 | AI55: 0 | AJ55: 0 | AK55: 0 | AL55: 0 | AM55: 0 | AN55: 0 | AO55: 0 | AP55: 0 | AQ55: 0 | AR55: 0 | AS55: =SUMIF(P55:AR55,3.45) -> 0
A56: EMPRESARIAL VIGENTE | B56: MONITOREO 2 | C56: cristian.gallego543 | D56: 3 | E56: CODIGO PS-F-03 | F56: 2025-09-10 11:57:53.944297 | G56: KPI | H56: CrediOrbe Vigente | I56: yiseth.cifuentes484 | J56: 2052224 | K56: MAYRA ALEJANDRA CORONADO TRUJILLO | L56: 3102103741 | M56: 45897 | N56: 10.35 | O56: LLAMADA TELEFÃ“NICATIPO AUDITORIA | P56: 0 | Q56: 0 | R56: 0 | S56: 0 | T56: 0 | U56: 0 | V56: 0 | W56: 0 | X56: 0 | Y56: 0 | Z56: 0 | AA56: 0 | AB56: 0 | AC56: 0 | AD56: 0 | AE56: 0 | AF56: 0 | AG56: 0 | AH56: 0 | AI56: 0 | AJ56: 0 | AK56: 0 | AL56: 0 | AM56: 0 | AN56: 0 | AO56: 0 | AP56: 0 | AQ56: 0 | AR56: 0 | AS56: =SUMIF(P56:AR56,3.45) -> 0
A57: EMPRESARIAL VIGENTE | B57: MONITOREO 2 | C57: YISETH CIFUENTES | O57: SUBTOTAL | P57: =SUM(P52:P56) -> 0 | Q57: =SUM(Q52:Q56) -> 0 | R57: =SUM(R52:R56) -> 0 | S57: =SUM(S52:S56) -> 0 | T57: =SUM(T52:T56) -> 0 | U57: =SUM(U52:U56) -> 0 | V57: =SUM(V52:V56) -> 0 | W57: =SUM(W52:W56) -> 0 | ... AS57: =SUM(AS52:AS56) -> 0
A58: EMPRESARIAL VIGENTE | B58: MONITOREO 2 | O58: TOTAL EQUIPO | P58: =SUM(P45,P51,P57) -> 0 | Q58: =SUM(Q45,Q51,Q57) -> 0 | R58: =SUM(R45,R51,R57) -> 0 | S58: =SUM(S45,S51,S57) -> 0 | T58: =SUM(T45,T51,T57) -> 0 | U58: =SUM(U45,U51,U57) -> 0 | V58: =SUM(V45,V51,V57) -> 0 | W58: =SUM(W45,W51,W57) -> 0 | ... AS58: =SUM(AS45,AS51,AS57) -> 0
A59: EMPRESARIAL VIGENTE | B59: MONITOREO 3 | C59: cristian.gallego543 | D59: 3 | E59: CODIGO PS-F-03 | F59: 2025-09-12 15:44:34.03636 | G59: KPI | H59: CrediOrbe Vigente | I59: cristian.cifuentes013 | J59: 2036644 | K59: YESICA CATHERINE BAUTISTA PALACIO | L59: 3188120410 | M59: 45903 | N59: 6.9 | O59: LLAMADA TELEFÃ“NICATIPO AUDITORIA | P59: 0 | Q59: 0 | R59: 0 | S59: 0 | T59: 0 | U59: 0 | V59: 0 | W59: 0 | X59: 0 | Y59: 0 | Z59: 0 | AA59: 0 | AB59: 0 | AC59: 0 | AD59: 0 | AE59: 0 | AF59: 0 | AG59: 0 | AH59: 0 | AI59: 0 | AJ59: 0 | AK59: 0 | AL59: 0 | AM59: 0 | AN59: 0 | AO59: 0 | AP59: 0 | AQ59: 0 | AR59: 0 | AS59: =SUMIF(P59:AR59,3.45) -> 0
A60: EMPRESARIAL VIGENTE | B60: MONITOREO 3 | C60: cristian.gallego543 | D60: 3 | E60: CODIGO PS-F-03 | F60: 2025-09-05 14:26:25.633078 | G60: KPI | H60: CrediOrbe Vigente | I60: cristian.cifuentes013 | J60: 2012501 | K60: Marelis yanilis orozco cabarcas | L60: 3124250477 | M60: 45895 | N60: 13.8 | O60: LLAMADA TELEFÃ“NICATIPO AUDITORIA | P60: 0 | Q60: 0 | R60: 0 | S60: 0 | T60: 0 | U60: 0 | V60: 0 | W60: 0 | X60: 0 | Y60: 0 | Z60: 0 | AA60: 0 | AB60: 0 | AC60: 0 | AD60: 0 | AE60: 0 | AF60: 0 | AG60: 0 | AH60: 0 | AI60: 0 | AJ60: 0 | AK60: 0 | AL60: 0 | AM60: 0 | AN60: 0 | AO60: 0 | AP60: 0 | AQ60: 0 | AR60: 0 | AS60: =SUMIF(P60:AR60,3.45) -> 0
A61: EMPRESARIAL VIGENTE | B61: MONITOREO 3 | C61: cristian.gallego543 | D61: 3 | E61: CODIGO PS-F-03 | F61: 2025-09-05 11:01:52.205482 | G61: KPI | H61: CrediOrbe Vigente | I61: cristian.cifuentes013 | J61: 1980561 | K61: YEIMY KATHERINE VALDELAMAR MARIN | L61: 3136765995 | M61: 45895 | N61: 20.7 | O61: LLAMADA TELEFÃ“NICATIPO AUDITORIA | P61: 0 | Q61: 0 | R61: 0 | S61: 0 | T61: 0 | U61: 0 | V61: 0 | W61: 0 | X61: 0 | Y61: 0 | Z61: 0 | AA61: 0 | AB61: 0 | AC61: 0 | AD61: 0 | AE61: 0 | AF61: 0 | AG61: 0 | AH61: 0 | AI61: 0 | AJ61: 0 | AK61: 0 | AL61: 0 | AM61: 0 | AN61: 0 | AO61: 0 | AP61: 0 | AQ61: 0 | AR61: 0 | AS61: =SUMIF(P61:AR61,3.45) -> 0
A62: EMPRESARIAL VIGENTE | B62: MONITOREO 3 | C62: cristian.gallego543 | D62: 3 | E62: CODIGO PS-F-03 | F62: 2025-09-05 10:16:55.792877 | G62: KPI | H62: CrediOrbe Vigente | I62: cristian.cifuentes013 | J62: 1912585 | L62: 3136730889 | M62: 45894 | N62: 27.6 | O62: LLAMADA TELEFÃ“NICATIPO AUDITORIA | P62: 0 | Q62: 0 | R62: 0 | S62: 0 | T62: 0 | U62: 0 | V62: 0 | W62: 0 | X62: 0 | Y62: 0 | Z62: 0 | AA62: 0 | AB62: 0 | AC62: 0 | AD62: 0 | AE62: 0 | AF62: 0 | AG62: 0 | AH62: 0 | AI62: 0 | AJ62: 0 | AK62: 0 | AL62: 0 | AM62: 0 | AN62: 0 | AO62: 0 | AP62: 0 | AQ62: 0 | AR62: 0 | AS62: =SUMIF(P62:AR62,3.45) -> 0
A63: EMPRESARIAL VIGENTE | B63: MONITOREO 3 | C63: cristian.gallego543 | D63: 3 | E63: CODIGO PS-F-03 | F63: 2025-09-04 17:02:30.718431 | G63: KPI | H63: CrediOrbe Vigente | I63: cristian.cifuentes013 | J63: 1862296 | K63: MARLENY MONTIEL PRADA | L63: 3195715429 | M63: 45898 | N63: 24.15 | O63: LLAMADA TELEFÃ“NICATIPO AUDITORIA | P63: 0 | Q63: 0 | R63: 0 | S63: 0 | T63: 0 | U63: 0 | V63: 0 | W63: 0 | X63: 0 | Y63: 0 | Z63: 0 | AA63: 0 | AB63: 0 | AC63: 0 | AD63: 0 | AE63: 0 | AF63: 0 | AG63: 0 | AH63: 0 | AI63: 0 | AJ63: 0 | AK63: 0 | AL63: 0 | AM63: 0 | AN63: 0 | AO63: 0 | AP63: 0 | AQ63: 0 | AR63: 0 | AS63: =SUMIF(P63:AR63,3.45) -> 0
A64: EMPRESARIAL VIGENTE | B64: MONITOREO 3 | C64: CRISTIAN CIFUENTES | O64: SUBTOTAL | P64: =SUM(P59:P63) -> 0 | Q64: =SUM(Q59:Q63) -> 0 | R64: =SUM(R59:R63) -> 0 | S64: =SUM(S59:S63) -> 0 | T64: =SUM(T59:T63) -> 0 | U64: =SUM(U59:U63) -> 0 | V64: =SUM(V59:V63) -> 0 | W64: =SUM(W59:W63) -> 0 | ... AS64: =SUM(AS59:AS63) -> 0
A65: EMPRESARIAL VIGENTE | B65: MONITOREO 3 | C65: cristian.gallego543 | D65: 3 | E65: CODIGO PS-F-03 | F65: 2025-09-17 11:19:59.561569 | G65: KPI | H65: CrediOrbe Vigente | I65: valeria.giraldo913 | J65: 2116291 | K65: FELIPE DE JESUS GONZALEZ LOAIZA | L65: 3017616045 | M65: 45894 | N65: 13.8 | O65: LLAMADA TELEFÃ“NICATIPO AUDITORIA | P65: 0 | Q65: 0 | R65: 0 | S65: 0 | T65: 0 | U65: 0 | V65: 0 | W65: 0 | X65: 0 | Y65: 0 | Z65: 0 | AA65: 0 | AB65: 0 | AC65: 0 | AD65: 0 | AE65: 0 | AF65: 0 | AG65: 0 | AH65: 0 | AI65: 0 | AJ65: 0 | AK65: 0 | AL65: 0 | AM65: 0 | AN65: 0 | AO65: 0 | AP65: 0 | AQ65: 0 | AR65: 0 | AS65: =SUMIF(P65:AR65,3.45) -> 0
A66: EMPRESARIAL VIGENTE | B66: MONITOREO 3 | C66: cristian.gallego543 | D66: 3 | E66: CODIGO PS-F-03 | F66: 2025-09-17 09:45:07.882145 | G66: KPI | H66: CrediOrbe Vigente | I66: valeria.giraldo913 | J66: 2124205 | K66: MAYERLIN CASTILLO PERLAZA | L66: 3217239673 | M66: 45917 | N66: 10.35 | O66: LLAMADA TELEFÃ“NICATIPO AUDITORIA | P66: 0 | Q66: 0 | R66: 0 | S66: 0 | T66: 0 | U66: 0 | V66: 0 | W66: 0 | X66: 0 | Y66: 0 | Z66: 0 | AA66: 0 | AB66: 0 | AC66: 0 | AD66: 0 | AE66: 0 | AF66: 0 | AG66: 0 | AH66: 0 | AI66: 0 | AJ66: 0 | AK66: 0 | AL66: 0 | AM66: 0 | AN66: 0 | AO66: 0 | AP66: 0 | AQ66: 0 | AR66: 0 | AS66: =SUMIF(P66:AR66,3.45) -> 0
A67: EMPRESARIAL VIGENTE | B67: MONITOREO 3 | C67: cristian.gallego543 | D67: 3 | E67: CODIGO PS-F-03 | F67: 2025-09-09 11:21:05.185376 | G67: KPI | H67: CrediOrbe Vigente | I67: valeria.giraldo913 | J67: 1113036406 | K67: YURI VALENCIA VALENCIA | L67: 3145950331 | M67: 45898 | N67: 3.45 | O67: LLAMADA TELEFÃ“NICATIPO AUDITORIA | P67: 0 | Q67: 0 | R67: 0 | S67: 0 | T67: 0 | U67: 0 | V67: 0 | W67: 0 | X67: 0 | Y67: 0 | Z67: 0 | AA67: 0 | AB67: 0 | AC67: 0 | AD67: 0 | AE67: 0 | AF67: 0 | AG67: 0 | AH67: 0 | AI67: 0 | AJ67: 0 | AK67: 0 | AL67: 0 | AM67: 0 | AN67: 0 | AO67: 0 | AP67: 0 | AQ67: 0 | AR67: 0 | AS67: =SUMIF(P67:AR67,3.45) -> 0
A68: EMPRESARIAL VIGENTE | B68: MONITOREO 3 | C68: cristian.gallego543 | D68: 3 | E68: CODIGO PS-F-03 | F68: 2025-09-08 16:43:21.791706 | G68: KPI | H68: CrediOrbe Vigente | I68: valeria.giraldo913 | J68: 1879815 | K68: MARIA ELSI LEYTON GAITAN | L68: 3222889204 | M68: 45894 | N68: 24.15 | O68: LLAMADA TELEFÃ“NICATIPO AUDITORIA | P68: 0 | Q68: 0 | R68: 0 | S68: 0 | T68: 0 | U68: 0 | V68: 0 | W68: 0 | X68: 0 | Y68: 0 | Z68: 0 | AA68: 0 | AB68: 0 | AC68: 0 | AD68: 0 | AE68: 0 | AF68: 0 | AG68: 0 | AH68: 0 | AI68: 0 | AJ68: 0 | AK68: 0 | AL68: 0 | AM68: 0 | AN68: 0 | AO68: 0 | AP68: 0 | AQ68: 0 | AR68: 0 | AS68: =SUMIF(P68:AR68,3.45) -> 0
A69: EMPRESARIAL VIGENTE | B69: MONITOREO 3 | C69: cristian.gallego543 | D69: 3 | E69: CODIGO PS-F-03 | F69: 2025-09-08 14:18:49.824369 | G69: KPI | H69: CrediOrbe Vigente | I69: valeria.giraldo913 | J69: 1862295 | K69: MARLENY MONTIEL PRADA | L69: 3195715429 | M69: 45884 | N69: 13.8 | O69: LLAMADA TELEFÃ“NICATIPO AUDITORIA | P69: 0 | Q69: 0 | R69: 0 | S69: 0 | T69: 0 | U69: 0 | V69: 0 | W69: 0 | X69: 0 | Y69: 0 | Z69: 0 | AA69: 0 | AB69: 0 | AC69: 0 | AD69: 0 | AE69: 0 | AF69: 0 | AG69: 0 | AH69: 0 | AI69: 0 | AJ69: 0 | AK69: 0 | AL69: 0 | AM69: 0 | AN69: 0 | AO69: 0 | AP69: 0 | AQ69: 0 | AR69: 0 | AS69: =SUMIF(P69:AR69,3.45) -> 0
A70: EMPRESARIAL VIGENTE | B70: MONITOREO 3 | C70: VALERIA GIRALDO | O70: SUBTOTAL | P70: =SUM(P65:P69) -> 0 | Q70: =SUM(Q65:Q69) -> 0 | R70: =SUM(R65:R69) -> 0 | S70: =SUM(S65:S69) -> 0 | T70: =SUM(T65:T69) -> 0 | U70: =SUM(U65:U69) -> 0 | V70: =SUM(V65:V69) -> 0 | W70: =SUM(W65:W69) -> 0 | ... AS70: =SUM(AS65:AS69) -> 0
A71: EMPRESARIAL VIGENTE | B71: MONITOREO 3 | C71: cristian.gallego543 | D71: 3 | E71: CODIGO PS-F-03 | F71: 2025-09-15 17:35:54.879775 | G71: KPI | H71: CrediOrbe Vigente | I71: yiseth.cifuentes484 | J71: 2294322 | K71: LUIS FRANCISCO GARZON RAMOS | L71: 3122010235 | M71: 45897 | N71: 41.4 | O71: LLAMADA TELEFÃ“NICATIPO AUDITORIA | P71: 0 | Q71: 0 | R71: 0 | S71: 0 | T71: 0 | U71: 0 | V71: 0 | W71: 0 | X71: 0 | Y71: 0 | Z71: 0 | AA71: 0 | AB71: 0 | AC71: 0 | AD71: 0 | AE71: 0 | AF71: 0 | AG71: 0 | AH71: 0 | AI71: 0 | AJ71: 0 | AK71: 0 | AL71: 0 | AM71: 0 | AN71: 0 | AO71: 0 | AP71: 0 | AQ71: 0 | AR71: 0 | AS71: =SUMIF(P71:AR71,3.45) -> 0
A72: EMPRESARIAL VIGENTE | B72: MONITOREO 3 | C72: cristian.gallego543 | D72: 3 | E72: CODIGO PS-F-03 | F72: 2025-09-15 15:27:07.624594 | G72: KPI | H72: CrediOrbe Vigente | I72: yiseth.cifuentes484 | J72: 2289441 | K72: NORIA CAMAYO CAMPO | L72: 3102103741 | M72: 45894 | N72: 27.6 | O72: LLAMADA TELEFÃ“NICATIPO AUDITORIA | P72: 0 | Q72: 0 | R72: 0 | S72: 0 | T72: 0 | U72: 0 | V72: 0 | W72: 0 | X72: 0 | Y72: 0 | Z72: 0 | AA72: 0 | AB72: 0 | AC72: 0 | AD72: 0 | AE72: 0 | AF72: 0 | AG72: 0 | AH72: 0 | AI72: 0 | AJ72: 0 | AK72: 0 | AL72: 0 | AM72: 0 | AN72: 0 | AO72: 0 | AP72: 0 | AQ72: 0 | AR72: 0 | AS72: =SUMIF(P72:AR72,3.45) -> 0
A73: EMPRESARIAL VIGENTE | B73: MONITOREO 3 | C73: cristian.gallego543 | D73: 3 | E73: CODIGO PS-F-03 | F73: 2025-09-15 13:50:44.289667 | G73: KPI | H73: CrediOrbe Vigente | I73: yiseth.cifuentes484 | J73: 1869928 | K73: EDGAR ANDRES GOMEZ PICON | L73: 3016666239 | M73: 45906 | N73: 3.45 | O73: LLAMADA TELEFÃ“NICATIPO AUDITORIA | P73: 0 | Q73: 0 | R73: 0 | S73: 0 | T73: 0 | U73: 0 | V73: 0 | W73: 0 | X73: 0 | Y73: 0 | Z73: 0 | AA73: 0 | AB73: 0 | AC73: 0 | AD73: 0 | AE73: 0 | AF73: 0 | AG73: 0 | AH73: 0 | AI73: 0 | AJ73: 0 | AK73: 0 | AL73: 0 | AM73: 0 | AN73: 0 | AO73: 0 | AP73: 0 | AQ73: 0 | AR73: 0 | AS73: =SUMIF(P73:AR73,3.45) -> 0
A74: EMPRESARIAL VIGENTE | B74: MONITOREO 3 | C74: cristian.gallego543 | D74: 3 | E74: CODIGO PS-F-03 | F74: 2025-09-10 13:52:51.508716 | G74: KPI | H74: CrediOrbe Vigente | I74: yiseth.cifuentes484 | J74: 2160759 | K74: JORGE ARMANDO SANTANA SOTO | L74: 3202279425 | M74: 45895 | N74: 6.9 | O74: LLAMADA TELEFÃ“NICATIPO AUDITORIA | P74: 0 | Q74: 0 | R74: 0 | S74: 0 | T74: 0 | U74: 0 | V74: 0 | W74: 0 | X74: 0 | Y74: 0 | Z74: 0 | AA74: 0 | AB74: 0 | AC74: 0 | AD74: 0 | AE74: 0 | AF74: 0 | AG74: 0 | AH74: 0 | AI74: 0 | AJ74: 0 | AK74: 0 | AL74: 0 | AM74: 0 | AN74: 0 | AO74: 0 | AP74: 0 | AQ74: 0 | AR74: 0 | AS74: =SUMIF(P74:AR74,3.45) -> 0
A75: EMPRESARIAL VIGENTE | B75: MONITOREO 3 | C75: cristian.gallego543 | D75: 3 | E75: CODIGO PS-F-03 | F75: 2025-09-10 11:57:53.944297 | G75: KPI | H75: CrediOrbe Vigente | I75: yiseth.cifuentes484 | J75: 2052224 | K75: MAYRA ALEJANDRA CORONADO TRUJILLO | L75: 3102103741 | M75: 45897 | N75: 10.35 | O75: LLAMADA TELEFÃ“NICATIPO AUDITORIA | P75: 0 | Q75: 0 | R75: 0 | S75: 0 | T75: 0 | U75: 0 | V75: 0 | W75: 0 | X75: 0 | Y75: 0 | Z75: 0 | AA75: 0 | AB75: 0 | AC75: 0 | AD75: 0 | AE75: 0 | AF75: 0 | AG75: 0 | AH75: 0 | AI75: 0 | AJ75: 0 | AK75: 0 | AL75: 0 | AM75: 0 | AN75: 0 | AO75: 0 | AP75: 0 | AQ75: 0 | AR75: 0 | AS75: =SUMIF(P75:AR75,3.45) -> 0
A76: EMPRESARIAL VIGENTE | B76: MONITOREO 3 | C76: YISETH CIFUENTES | O76: SUBTOTAL | P76: =SUM(P71:P75) -> 0 | Q76: =SUM(Q71:Q75) -> 0 | R76: =SUM(R71:R75) -> 0 | S76: =SUM(S71:S75) -> 0 | T76: =SUM(T71:T75) -> 0 | U76: =SUM(U71:U75) -> 0 | V76: =SUM(V71:V75) -> 0 | W76: =SUM(W71:W75) -> 0 | ... AS76: =SUM(AS71:AS75) -> 0
A77: EMPRESARIAL VIGENTE | B77: MONITOREO 3 | O77: TOTAL EQUIPO | P77: =SUM(P64,P70,P76) -> 0 | Q77: =SUM(Q64,Q70,Q76) -> 0 | R77: =SUM(R64,R70,R76) -> 0 | S77: =SUM(S64,S70,S76) -> 0 | T77: =SUM(T64,T70,T76) -> 0 | U77: =SUM(U64,U70,U76) -> 0 | V77: =SUM(V64,V70,V76) -> 0 | W77: =SUM(W64,W70,W76) -> 0 | ... AS77: =SUM(AS64,AS70,AS76) -> 0
A78: EMPRESARIAL VIGENTE | B78: MONITREO 4 | C78: cristian.gallego543 | D78: 3 | E78: CODIGO PS-F-03 | F78: 2025-09-12 15:44:34.03636 | G78: KPI | H78: CrediOrbe Vigente | I78: cristian.cifuentes013 | J78: 2036644 | K78: YESICA CATHERINE BAUTISTA PALACIO | L78: 3188120410 | M78: 45903 | N78: 6.9 | O78: LLAMADA TELEFÃ“NICATIPO AUDITORIA | P78: 0 | Q78: 0 | R78: 0 | S78: 0 | T78: 0 | U78: 0 | V78: 0 | W78: 0 | X78: 0 | Y78: 0 | Z78: 0 | AA78: 0 | AB78: 0 | AC78: 0 | AD78: 0 | AE78: 0 | AF78: 0 | AG78: 0 | AH78: 0 | AI78: 0 | AJ78: 0 | AK78: 0 | AL78: 0 | AM78: 0 | AN78: 0 | AO78: 0 | AP78: 0 | AQ78: 0 | AR78: 0 | AS78: =SUMIF(P78:AR78,3.45) -> 0
A79: EMPRESARIAL VIGENTE | B79: MONITREO 4 | C79: cristian.gallego543 | D79: 3 | E79: CODIGO PS-F-03 | F79: 2025-09-05 14:26:25.633078 | G79: KPI | H79: CrediOrbe Vigente | I79: cristian.cifuentes013 | J79: 2012501 | K79: Marelis yanilis orozco cabarcas | L79: 3124250477 | M79: 45895 | N79: 13.8 | O79: LLAMADA TELEFÃ“NICATIPO AUDITORIA | P79: 0 | Q79: 0 | R79: 0 | S79: 0 | T79: 0 | U79: 0 | V79: 0 | W79: 0 | X79: 0 | Y79: 0 | Z79: 0 | AA79: 0 | AB79: 0 | AC79: 0 | AD79: 0 | AE79: 0 | AF79: 0 | AG79: 0 | AH79: 0 | AI79: 0 | AJ79: 0 | AK79: 0 | AL79: 0 | AM79: 0 | AN79: 0 | AO79: 0 | AP79: 0 | AQ79: 0 | AR79: 0 | AS79: =SUMIF(P79:AR79,3.45) -> 0
A80: EMPRESARIAL VIGENTE | B80: MONITREO 4 | C80: cristian.gallego543 | D80: 3 | E80: CODIGO PS-F-03 | F80: 2025-09-05 11:01:52.205482 | G80: KPI | H80: CrediOrbe Vigente | I80: cristian.cifuentes013 | J80: 1980561 | K80: YEIMY KATHERINE VALDELAMAR MARIN | L80: 3136765995 | M80: 45895 | N80: 20.7 | O80: LLAMADA TELEFÃ“NICATIPO AUDITORIA | P80: 0 | Q80: 0 | R80: 0 | S80: 0 | T80: 0 | U80: 0 | V80: 0 | W80: 0 | X80: 0 | Y80: 0 | Z80: 0 | AA80: 0 | AB80: 0 | AC80: 0 | AD80: 0 | AE80: 0 | AF80: 0 | AG80: 0 | AH80: 0 | AI80: 0 | AJ80: 0 | AK80: 0 | AL80: 0 | AM80: 0 | AN80: 0 | AO80: 0 | AP80: 0 | AQ80: 0 | AR80: 0 | AS80: =SUMIF(P80:AR80,3.45) -> 0
A81: EMPRESARIAL VIGENTE | B81: MONITREO 4 | C81: cristian.gallego543 | D81: 3 | E81: CODIGO PS-F-03 | F81: 2025-09-05 10:16:55.792877 | G81: KPI | H81: CrediOrbe Vigente | I81: cristian.cifuentes013 | J81: 1912585 | L81: 3136730889 | M81: 45894 | N81: 27.6 | O81: LLAMADA TELEFÃ“NICATIPO AUDITORIA | P81: 0 | Q81: 0 | R81: 0 | S81: 0 | T81: 0 | U81: 0 | V81: 0 | W81: 0 | X81: 0 | Y81: 0 | Z81: 0 | AA81: 0 | AB81: 0 | AC81: 0 | AD81: 0 | AE81: 0 | AF81: 0 | AG81: 0 | AH81: 0 | AI81: 0 | AJ81: 0 | AK81: 0 | AL81: 0 | AM81: 0 | AN81: 0 | AO81: 0 | AP81: 0 | AQ81: 0 | AR81: 0 | AS81: =SUMIF(P81:AR81,3.45) -> 0
A82: EMPRESARIAL VIGENTE | B82: MONITREO 4 | C82: cristian.gallego543 | D82: 3 | E82: CODIGO PS-F-03 | F82: 2025-09-04 17:02:30.718431 | G82: KPI | H82: CrediOrbe Vigente | I82: cristian.cifuentes013 | J82: 1862296 | K82: MARLENY MONTIEL PRADA | L82: 3195715429 | M82: 45898 | N82: 24.15 | O82: LLAMADA TELEFÃ“NICATIPO AUDITORIA | P82: 0 | Q82: 0 | R82: 0 | S82: 0 | T82: 0 | U82: 0 | V82: 0 | W82: 0 | X82: 0 | Y82: 0 | Z82: 0 | AA82: 0 | AB82: 0 | AC82: 0 | AD82: 0 | AE82: 0 | AF82: 0 | AG82: 0 | AH82: 0 | AI82: 0 | AJ82: 0 | AK82: 0 | AL82: 0 | AM82: 0 | AN82: 0 | AO82: 0 | AP82: 0 | AQ82: 0 | AR82: 0 | AS82: =SUMIF(P82:AR82,3.45) -> 0
A83: EMPRESARIAL VIGENTE | B83: MONITREO 4 | C83: CRISTIAN CIFUENTES | O83: SUBTOTAL | P83: =SUM(P78:P82) -> 0 | Q83: =SUM(Q78:Q82) -> 0 | R83: =SUM(R78:R82) -> 0 | S83: =SUM(S78:S82) -> 0 | T83: =SUM(T78:T82) -> 0 | U83: =SUM(U78:U82) -> 0 | V83: =SUM(V78:V82) -> 0 | W83: =SUM(W78:W82) -> 0 | ... AS83: =SUM(AS78:AS82) -> 0
A84: EMPRESARIAL VIGENTE | B84: MONITREO 4 | C84: cristian.gallego543 | D84: 3 | E84: CODIGO PS-F-03 | F84: 2025-09-17 11:19:59.561569 | G84: KPI | H84: CrediOrbe Vigente | I84: valeria.giraldo913 | J84: 2116291 | K84: FELIPE DE JESUS GONZALEZ LOAIZA | L84: 3017616045 | M84: 45894 | N84: 13.8 | O84: LLAMADA TELEFÃ“NICATIPO AUDITORIA | P84: 0 | Q84: 0 | R84: 0 | S84: 0 | T84: 0 | U84: 0 | V84: 0 | W84: 0 | X84: 0 | Y84: 0 | Z84: 0 | AA84: 0 | AB84: 0 | AC84: 0 | AD84: 0 | AE84: 0 | AF84: 0 | AG84: 0 | AH84: 0 | AI84: 0 | AJ84: 0 | AK84: 0 | AL84: 0 | AM84: 0 | AN84: 0 | AO84: 0 | AP84: 0 | AQ84: 0 | AR84: 0 | AS84: =SUMIF(P84:AR84,3.45) -> 0
A85: EMPRESARIAL VIGENTE | B85: MONITREO 4 | C85: cristian.gallego543 | D85: 3 | E85: CODIGO PS-F-03 | F85: 2025-09-17 09:45:07.882145 | G85: KPI | H85: CrediOrbe Vigente | I85: valeria.giraldo913 | J85: 2124205 | K85: MAYERLIN CASTILLO PERLAZA | L85: 3217239673 | M85: 45917 | N85: 10.35 | O85: LLAMADA TELEFÃ“NICATIPO AUDITORIA | P85: 0 | Q85: 0 | R85: 0 | S85: 0 | T85: 0 | U85: 0 | V85: 0 | W85: 0 | X85: 0 | Y85: 0 | Z85: 0 | AA85: 0 | AB85: 0 | AC85: 0 | AD85: 0 | AE85: 0 | AF85: 0 | AG85: 0 | AH85: 0 | AI85: 0 | AJ85: 0 | AK85: 0 | AL85: 0 | AM85: 0 | AN85: 0 | AO85: 0 | AP85: 0 | AQ85: 0 | AR85: 0 | AS85: =SUMIF(P85:AR85,3.45) -> 0
A86: EMPRESARIAL VIGENTE | B86: MONITREO 4 | C86: cristian.gallego543 | D86: 3 | E86: CODIGO PS-F-03 | F86: 2025-09-09 11:21:05.185376 | G86: KPI | H86: CrediOrbe Vigente | I86: valeria.giraldo913 | J86: 1113036406 | K86: YURI VALENCIA VALENCIA | L86: 3145950331 | M86: 45898 | N86: 3.45 | O86: LLAMADA TELEFÃ“NICATIPO AUDITORIA | P86: 0 | Q86: 0 | R86: 0 | S86: 0 | T86: 0 | U86: 0 | V86: 0 | W86: 0 | X86: 0 | Y86: 0 | Z86: 0 | AA86: 0 | AB86: 0 | AC86: 0 | AD86: 0 | AE86: 0 | AF86: 0 | AG86: 0 | AH86: 0 | AI86: 0 | AJ86: 0 | AK86: 0 | AL86: 0 | AM86: 0 | AN86: 0 | AO86: 0 | AP86: 0 | AQ86: 0 | AR86: 0 | AS86: =SUMIF(P86:AR86,3.45) -> 0
A87: EMPRESARIAL VIGENTE | B87: MONITREO 4 | C87: cristian.gallego543 | D87: 3 | E87: CODIGO PS-F-03 | F87: 2025-09-08 16:43:21.791706 | G87: KPI | H87: CrediOrbe Vigente | I87: valeria.giraldo913 | J87: 1879815 | K87: MARIA ELSI LEYTON GAITAN | L87: 3222889204 | M87: 45894 | N87: 24.15 | O87: LLAMADA TELEFÃ“NICATIPO AUDITORIA | P87: 0 | Q87: 0 | R87: 0 | S87: 0 | T87: 0 | U87: 0 | V87: 0 | W87: 0 | X87: 0 | Y87: 0 | Z87: 0 | AA87: 0 | AB87: 0 | AC87: 0 | AD87: 0 | AE87: 0 | AF87: 0 | AG87: 0 | AH87: 0 | AI87: 0 | AJ87: 0 | AK87: 0 | AL87: 0 | AM87: 0 | AN87: 0 | AO87: 0 | AP87: 0 | AQ87: 0 | AR87: 0 | AS87: =SUMIF(P87:AR87,3.45) -> 0
A88: EMPRESARIAL VIGENTE | B88: MONITREO 4 | C88: cristian.gallego543 | D88: 3 | E88: CODIGO PS-F-03 | F88: 2025-09-08 14:18:49.824369 | G88: KPI | H88: CrediOrbe Vigente | I88: valeria.giraldo913 | J88: 1862295 | K88: MARLENY MONTIEL PRADA | L88: 3195715429 | M88: 45884 | N88: 13.8 | O88: LLAMADA TELEFÃ“NICATIPO AUDITORIA | P88: 0 | Q88: 0 | R88: 0 | S88: 0 | T88: 0 | U88: 0 | V88: 0 | W88: 0 | X88: 0 | Y88: 0 | Z88: 0 | AA88: 0 | AB88: 0 | AC88: 0 | AD88: 0 | AE88: 0 | AF88: 0 | AG88: 0 | AH88: 0 | AI88: 0 | AJ88: 0 | AK88: 0 | AL88: 0 | AM88: 0 | AN88: 0 | AO88: 0 | AP88: 0 | AQ88: 0 | AR88: 0 | AS88: =SUMIF(P88:AR88,3.45) -> 0
A89: EMPRESARIAL VIGENTE | B89: MONITREO 4 | C89: VALERIA GIRALDO | O89: SUBTOTAL | P89: =SUM(P84:P88) -> 0 | Q89: =SUM(Q84:Q88) -> 0 | R89: =SUM(R84:R88) -> 0 | S89: =SUM(S84:S88) -> 0 | T89: =SUM(T84:T88) -> 0 | U89: =SUM(U84:U88) -> 0 | V89: =SUM(V84:V88) -> 0 | W89: =SUM(W84:W88) -> 0 | ... AS89: =SUM(AS84:AS88) -> 0
A90: EMPRESARIAL VIGENTE | B90: MONITREO 4 | C90: cristian.gallego543 | D90: 3 | E90: CODIGO PS-F-03 | F90: 2025-09-15 17:35:54.879775 | G90: KPI | H90: CrediOrbe Vigente | I90: yiseth.cifuentes484 | J90: 2294322 | K90: LUIS FRANCISCO GARZON RAMOS | L90: 3122010235 | M90: 45897 | N90: 41.4 | O90: LLAMADA TELEFÃ“NICATIPO AUDITORIA | P90: 0 | Q90: 0 | R90: 0 | S90: 0 | T90: 0 | U90: 0 | V90: 0 | W90: 0 | X90: 0 | Y90: 0 | Z90: 0 | AA90: 0 | AB90: 0 | AC90: 0 | AD90: 0 | AE90: 0 | AF90: 0 | AG90: 0 | AH90: 0 | AI90: 0 | AJ90: 0 | AK90: 0 | AL90: 0 | AM90: 0 | AN90: 0 | AO90: 0 | AP90: 0 | AQ90: 0 | AR90: 0 | AS90: =SUMIF(P90:AR90,3.45) -> 0
A91: EMPRESARIAL VIGENTE | B91: MONITREO 4 | C91: cristian.gallego543 | D91: 3 | E91: CODIGO PS-F-03 | F91: 2025-09-15 15:27:07.624594 | G91: KPI | H91: CrediOrbe Vigente | I91: yiseth.cifuentes484 | J91: 2289441 | K91: NORIA CAMAYO CAMPO | L91: 3102103741 | M91: 45894 | N91: 27.6 | O91: LLAMADA TELEFÃ“NICATIPO AUDITORIA | P91: 0 | Q91: 0 | R91: 0 | S91: 0 | T91: 0 | U91: 0 | V91: 0 | W91: 0 | X91: 0 | Y91: 0 | Z91: 0 | AA91: 0 | AB91: 0 | AC91: 0 | AD91: 0 | AE91: 0 | AF91: 0 | AG91: 0 | AH91: 0 | AI91: 0 | AJ91: 0 | AK91: 0 | AL91: 0 | AM91: 0 | AN91: 0 | AO91: 0 | AP91: 0 | AQ91: 0 | AR91: 0 | AS91: =SUMIF(P91:AR91,3.45) -> 0
A92: EMPRESARIAL VIGENTE | B92: MONITREO 4 | C92: cristian.gallego543 | D92: 3 | E92: CODIGO PS-F-03 | F92: 2025-09-15 13:50:44.289667 | G92: KPI | H92: CrediOrbe Vigente | I92: yiseth.cifuentes484 | J92: 1869928 | K92: EDGAR ANDRES GOMEZ PICON | L92: 3016666239 | M92: 45906 | N92: 3.45 | O92: LLAMADA TELEFÃ“NICATIPO AUDITORIA | P92: 0 | Q92: 0 | R92: 0 | S92: 0 | T92: 0 | U92: 0 | V92: 0 | W92: 0 | X92: 0 | Y92: 0 | Z92: 0 | AA92: 0 | AB92: 0 | AC92: 0 | AD92: 0 | AE92: 0 | AF92: 0 | AG92: 0 | AH92: 0 | AI92: 0 | AJ92: 0 | AK92: 0 | AL92: 0 | AM92: 0 | AN92: 0 | AO92: 0 | AP92: 0 | AQ92: 0 | AR92: 0 | AS92: =SUMIF(P92:AR92,3.45) -> 0
A93: EMPRESARIAL VIGENTE | B93: MONITREO 4 | C93: cristian.gallego543 | D93: 3 | E93: CODIGO PS-F-03 | F93: 2025-09-10 13:52:51.508716 | G93: KPI | H93: CrediOrbe Vigente | I93: yiseth.cifuentes484 | J93: 2160759 | K93: JORGE ARMANDO SANTANA SOTO | L93: 3202279425 | M93: 45895 | N93: 6.9 | O93: LLAMADA TELEFÃ“NICATIPO AUDITORIA | P93: 0 | Q93: 0 | R93: 0 | S93: 0 | T93: 0 | U93: 0 | V93: 0 | W93: 0 | X93: 0 | Y93: 0 | Z93: 0 | AA93: 0 | AB93: 0 | AC93: 0 | AD93: 0 | AE93: 0 | AF93: 0 | AG93: 0 | AH93: 0 | AI93: 0 | AJ93: 0 | AK93: 0 | AL93: 0 | AM93: 0 | AN93: 0 | AO93: 0 | AP93: 0 | AQ93: 0 | AR93: 0 | AS93: =SUMIF(P93:AR93,3.45) -> 0
A94: EMPRESARIAL VIGENTE | B94: MONITREO 4 | C94: cristian.gallego543 | D94: 3 | E94: CODIGO PS-F-03 | F94: 2025-09-10 11:57:53.944297 | G94: KPI | H94: CrediOrbe Vigente | I94: yiseth.cifuentes484 | J94: 2052224 | K94: MAYRA ALEJANDRA CORONADO TRUJILLO | L94: 3102103741 | M94: 45897 | N94: 10.35 | O94: LLAMADA TELEFÃ“NICATIPO AUDITORIA | P94: 0 | Q94: 0 | R94: 0 | S94: 0 | T94: 0 | U94: 0 | V94: 0 | W94: 0 | X94: 0 | Y94: 0 | Z94: 0 | AA94: 0 | AB94: 0 | AC94: 0 | AD94: 0 | AE94: 0 | AF94: 0 | AG94: 0 | AH94: 0 | AI94: 0 | AJ94: 0 | AK94: 0 | AL94: 0 | AM94: 0 | AN94: 0 | AO94: 0 | AP94: 0 | AQ94: 0 | AR94: 0 | AS94: =SUMIF(P94:AR94,3.45) -> 0
A95: EMPRESARIAL VIGENTE | B95: MONITREO 4 | C95: YISETH CIFUENTES | O95: SUBTOTAL | P95: =SUM(P90:P94) -> 0 | Q95: =SUM(Q90:Q94) -> 0 | R95: =SUM(R90:R94) -> 0 | S95: =SUM(S90:S94) -> 0 | T95: =SUM(T90:T94) -> 0 | U95: =SUM(U90:U94) -> 0 | V95: =SUM(V90:V94) -> 0 | W95: =SUM(W90:W94) -> 0 | ... AS95: =SUM(AS90:AS94) -> 0
A96: EMPRESARIAL VIGENTE | B96: DIAGNÓSTICO | O96: TOTAL EQUIPO | P96: =SUM(P83,P89,P95) -> 0 | Q96: =SUM(Q83,Q89,Q95) -> 0 | R96: =SUM(R83,R89,R95) -> 0 | S96: =SUM(S83,S89,S95) -> 0 | T96: =SUM(T83,T89,T95) -> 0 | U96: =SUM(U83,U89,U95) -> 0 | V96: =SUM(V83,V89,V95) -> 0 | W96: =SUM(W83,W89,W95) -> 0 | ... AS96: =SUM(AS83,AS89,AS95) -> 0

Sheet CUARTILAMIENTO
A1: CUARTILAMIENTO POR EQUIPO | E1: CUARTILAMIENTO DIAGNOSTICO
A2: CUARTIL | B2: TIPO | C2: PUNTAJE | E2: RAC | F2: PUNTAJE | G2: PUNTAJE | H2: CUARTIL
A3: Q1 | B3: ALTO DESEMPEÑO | C3: =TEXT($C$33,"0") & "-" & TEXT($C$34,"0") -> 0-94 | E3: CRISTIAN CIFUENTES | F3: =DIAGNÓSTICO!AS7 -> 93.15 | G3: =F3*100 -> 9315 | H3: =IF(G3<$D$34,$A$16,IF(G3<$D$36,$A$17,IF(G3<$D$38,$A$18,IF(G3<$D$40,$A$19,0)))) -> 0
A4: Q2 | B4: MEDIO DESEMPEÑO | C4: =TEXT($C$35,"0") & "-" & TEXT($C$36,"0") -> 95-188 | E4: VALERIA GIRALDO | F4: =DIAGNÓSTICO!AS13 -> 65.55 | G4: =F4*100 -> 6555 | H4: =IF(G4<$D$34,$A$16,IF(G4<$D$36,$A$17,IF(G4<$D$38,$A$18,IF(G4<$D$40,$A$19,0)))) -> 0
A5: Q3 | B5: BAJO DESEMPEÑO | C5: =TEXT($C$37,"0") & "-" & TEXT($C$38,"0") -> 189-281 | E5: YISETH CIFUENTES | F5: =DIAGNÓSTICO!AS19 -> 89.7 | G5: =F5*100 -> 8970 | H5: =IF(G5<$D$34,$A$16,IF(G5<$D$36,$A$17,IF(G5<$D$38,$A$18,IF(G5<$D$40,$A$19,0)))) -> 0
A6: Q4 | B6: DEFICIENTE DESEMPEÑO | C6: =TEXT($C$39,"0") & "-" & TEXT($C$40,"0") -> 282-375 | E6: SUMA EQUIPO | F6: =SUM(F3:F5) -> 248.4 | G6: =SUM(G3:G5) -> 24840 | H6: =IF(G6<C34,A3,IF(G6<C36,A4,IF(G6<C38,A5,IF(G6<C40,A6,0)))) -> 0
E7: CUARTILAMIENTO MONITOREO 1
E8: RAC | F8: PUNTAJE | G8: PUNTAJE | H8: CUARTIL
E9: CRISTIAN CIFUENTES | F9: =DIAGNÓSTICO!AS26 -> 0 | G9: =F9*100 -> 0 | H9: =IF(G9<$D$34,$A$16,IF(G9<$D$36,$A$17,IF(G9<$D$38,$A$18,IF(G9<$D$40,$A$19,0)))) -> Q1
E10: VALERIA GIRALDO | F10: =DIAGNÓSTICO!AS32 -> 0 | G10: =F10*100 -> 0 | H10: =IF(G10<$D$34,$A$16,IF(G10<$D$36,$A$17,IF(G10<$D$38,$A$18,IF(G10<$D$40,$A$19,0)))) -> Q1
E11: YISETH CIFUENTES | F11: =DIAGNÓSTICO!AS38 -> 0 | G11: =F11*100 -> 0 | H11: =IF(G11<$D$34,$A$16,IF(G11<$D$36,$A$17,IF(G11<$D$38,$A$18,IF(G11<$D$40,$A$19,0)))) -> Q1
E12: SUMA EQUIPO | F12: =SUM(F9:F11) -> 0 | G12: =SUM(G9:G11) -> 0 | H12: =IF(G12<C40,A9,IF(G12<C42,A10,IF(G12<C44,A11,IF(G12<C46,A12,0)))) -> 0
E13: CUARTILAMIENTO MONITOREO 2
A14: CUARTILAMIENTO POR EJECUTIVO | E14: RAC | F14: PUNTAJE | G14: PUNTAJE | H14: CUARTIL
A15: CUARTIL | B15: TIPO | C15: PUNTAJE | E15: CRISTIAN CIFUENTES | F15: =DIAGNÓSTICO!AS45 -> 0 | G15: =F15*100 -> 0 | H15: =IF(G15<$D$34,$A$16,IF(G15<$D$36,$A$17,IF(G15<$D$38,$A$18,IF(G15<$D$40,$A$19,0)))) -> Q1
A16: Q1 | B16: ALTO DESEMPEÑO | C16: =TEXT(D33,"0") & "-" & TEXT(D34,"0") -> 0-31 | E16: VALERIA GIRALDO | F16: =DIAGNÓSTICO!AS51 -> 0 | G16: =F16*100 -> 0 | H16: =IF(G16<$D$34,$A$16,IF(G16<$D$36,$A$17,IF(G16<$D$38,$A$18,IF(G16<$D$40,$A$19,0)))) -> Q1
A17: Q2 | B17: MEDIO DESEMPEÑO | C17: =TEXT(D35,"0") & "-" & TEXT(D36,"0") -> 32-63 | E17: YISETH CIFUENTES | F17: =DIAGNÓSTICO!AS57 -> 0 | G17: =F17*100 -> 0 | H17: =IF(G17<$D$34,$A$16,IF(G17<$D$36,$A$17,IF(G17<$D$38,$A$18,IF(G17<$D$40,$A$19,0)))) -> Q1
A18: Q3 | B18: BAJO DESEMPEÑO | C18: =TEXT(D37,"0") & "-" & TEXT(D38,"0") -> 64-94 | E18: SUMA EQUIPO | F18: =SUM(F15:F17) -> 0 | G18: =SUM(G15:G17) -> 0 | H18: =IF(G18<C46,A15,IF(G18<C48,A16,IF(G18<C50,A17,IF(G18<C52,A18,0)))) -> 0
A19: Q4 | B19: DEFICIENTE DESEMPEÑO | C19: =TEXT(D39,"0") & "-" & TEXT(D40,"0") -> 95-125 | E19: CUARTILAMIENTO MONITOREO 3
E20: RAC | F20: PUNTAJE | G20: PUNTAJE | H20: CUARTIL
E21: CRISTIAN CIFUENTES | F21: =DIAGNÓSTICO!AS64 -> 0 | G21: =F21*100 -> 0 | H21: =IF(G21<$D$34,$A$16,IF(G21<$D$36,$A$17,IF(G21<$D$38,$A$18,IF(G21<$D$40,$A$19,0)))) -> Q1
B22: CÁLCULO | C22: CANTIDAD | E22: VALERIA GIRALDO | F22: =DIAGNÓSTICO!AS70 -> 0 | G22: =F22*100 -> 0 | H22: =IF(G22<$D$34,$A$16,IF(G22<$D$36,$A$17,IF(G22<$D$38,$A$18,IF(G22<$D$40,$A$19,0)))) -> Q1
B23: AGENTES | C23: 3 | E23: YISETH CIFUENTES | F23: =DIAGNÓSTICO!AS76 -> 0 | G23: =F23*100 -> 0 | H23: =IF(G23<$D$34,$A$16,IF(G23<$D$36,$A$17,IF(G23<$D$38,$A$18,IF(G23<$D$40,$A$19,0)))) -> Q1
B24: CANTIDAD DE VARIABLES | C24: 29 | E24: SUMA EQUIPO | F24: =SUM(F21:F23) -> 0 | G24: =SUM(G21:G23) -> 0 | H24: =IF(G24<C52,A21,IF(G24<C54,A22,IF(G24<C56,A23,IF(G24<C58,A24,0)))) -> 0
B25: NÚMERO DE MUESTRAS | C25: =COUNTA(DIAGNÓSTICO!B8:B12) -> 5 | E25: CUARTILAMIENTO MONITOREO 4
B26: PESO DE CADA VARIABLE | C26: 3.45 | E26: RAC | F26: PUNTAJE | G26: PUNTAJE | H26: CUARTIL
B27: SUMA TOTAL VARIABLES | C27: =C23*C24*C25*C26 -> 1500.75 | E27: CRISTIAN CIFUENTES | F27: =DIAGNÓSTICO!AS83 -> 0 | G27: =F27*100 -> 0 | H27: =IF(G27<$D$34,$A$16,IF(G27<$D$36,$A$17,IF(G27<$D$38,$A$18,IF(G27<$D$40,$A$19,0)))) -> Q1
B28: Q4 EQUIPO | C28: =C27/4 -> 375.1875 | E28: VALERIA GIRALDO | F28: =DIAGNÓSTICO!AS89 -> 0 | G28: =F28*100 -> 0 | H28: =IF(G28<$D$34,$A$16,IF(G28<$D$36,$A$17,IF(G28<$D$38,$A$18,IF(G28<$D$40,$A$19,0)))) -> Q1
B29: Q1 EQUIPO | C29: =C28/4 -> 93.796875 | E29: YISETH CIFUENTES | F29: =DIAGNÓSTICO!AS95 -> 0 | G29: =F29*100 -> 0 | H29: =IF(G29<$D$34,$A$16,IF(G29<$D$36,$A$17,IF(G29<$D$38,$A$18,IF(G29<$D$40,$A$19,0)))) -> Q1
B30: Q4 AGENTE | C30: =C28/3 -> 125.0625 | E30: SUMA EQUIPO | F30: =SUM(F27:F29) -> 0 | G30: =SUM(G27:G29) -> 0 | H30: =IF(G30<C58,A27,IF(G30<C60,A28,IF(G30<C62,A29,IF(G30<C64,A30,0)))) -> 0
B31: Q1 AGENTE | C31: =C30/4 -> 31.265625
C32: - | D32: -
C33: 0 | D33: 0
C34: =C28/4 -> 93.796875 | D34: 31.265625
C35: =C34+1 -> 94.796875 | D35: =D34+1 -> 32.265625
C36: =C34+C34 -> 187.59375 | D36: =D34+D34 -> 62.53125
C37: =C36+1 -> 188.59375 | D37: =D36+1 -> 63.53125
C38: =C36+C34 -> 281.39062 | D38: =D36+D34 -> 93.796875
C39: =C38+1 -> 282.39062 | D39: =D38+1 -> 94.796875
C40: =C38+C34 -> 375.1875 | D40: =D38+D34 -> 125.0625

Sheet PARTITURA
A1: PORTAFOLIO | B1: FECHA | C1: SEGMENTO | D1: TIPO DE AUDITORÍA | E1: VARIABLE | F1: CALIFICACIÓN | G1: PESO | H1: IMPACTO TOTAL | I1: RESULTADO ESPERADO | J1: ESTADO | L1: SE MANTIENE | M1: MEJORA | N1: EMPEORA
A2: EMPRESARIAL ACTIVA | B2: 45917 | C2: ATENCIÓN TELEFÓNICA | D2: DIAGNÓSTICO | E2: PresentaciÃ³n, | F2: {=TRANSPOSE(DIAGNÓSTICO!P20:AR20)} -> 10.35 | G2: =IFERROR((F2/$F$31),0) -> 0.041666667 | H2: =((F2)-(F2/4)) -> 7.7625 | I2: =F2-H2 -> 2.5875
A3: EMPRESARIAL ACTIVA | B3: 45917 | C3: ATENCIÓN TELEFÓNICA | D3: DIAGNÓSTICO | E3: Explica el motivo de la llamada de forma clara y rÃ¡pida, | F3: 24.15 | G3: =IFERROR((F3/$F$31),0) -> 0.097222222 | H3: =((F3)-(F3/4)) -> 18.1125 | I3: =F3-H3 -> 6.0375
A4: EMPRESARIAL ACTIVA | B4: 45917 | C4: ATENCIÓN TELEFÓNICA | D4: DIAGNÓSTICO | E4: Escucha Activa, | F4: 13.8 | G4: =IFERROR((F4/$F$31),0) -> 0.055555556 | H4: =((F4)-(F4/4)) -> 10.35 | I4: =F4-H4 -> 3.45
A5: EMPRESARIAL ACTIVA | B5: 45917 | C5: ATENCIÓN TELEFÓNICA | D5: DIAGNÓSTICO | E5: Preguntar, | F5: 13.8 | G5: =IFERROR((F5/$F$31),0) -> 0.055555556 | H5: =((F5)-(F5/4)) -> 10.35 | I5: =F5-H5 -> 3.45
A6: EMPRESARIAL ACTIVA | B6: 45917 | C6: ATENCIÓN TELEFÓNICA | D6: DIAGNÓSTICO | E6: Rebatir, | F6: 27.6 | G6: =IFERROR((F6/$F$31),0) -> 0.11111111 | H6: =((F6)-(F6/4)) -> 20.7 | I6: =F6-H6 -> 6.9
A7: EMPRESARIAL ACTIVA | B7: 45917 | C7: ATENCIÓN TELEFÓNICA | D7: DIAGNÓSTICO | E7: Vender, | F7: 31.05 | G7: =IFERROR((F7/$F$31),0) -> 0.125 | H7: =((F7)-(F7/4)) -> 23.2875 | I7: =F7-H7 -> 7.7625
A8: EMPRESARIAL ACTIVA | B8: 45917 | C8: ATENCIÓN TELEFÓNICA | D8: DIAGNÓSTICO | E8: Beneficios, | F8: 34.5 | G8: =IFERROR((F8/$F$31),0) -> 0.13888889 | H8: =((F8)-(F8/4)) -> 25.875 | I8: =F8-H8 -> 8.625
A9: EMPRESARIAL ACTIVA | B9: 45917 | C9: ATENCIÓN TELEFÓNICA | D9: DIAGNÓSTICO | E9: Cierre, | F9: 17.25 | G9: =IFERROR((F9/$F$31),0) -> 0.069444444 | H9: =((F9)-(F9/4)) -> 12.9375 | I9: =F9-H9 -> 4.3125
A10: EMPRESARIAL ACTIVA | B10: 45917 | C10: ATENCIÓN TELEFÓNICA | D10: DIAGNÓSTICO | E10: ActualizaciÃ³n de datos, | F10: 6.9 | G10: =IFERROR((F10/$F$31),0) -> 0.027777778 | H10: =((F10)-(F10/4)) -> 5.175 | I10: =F10-H10 -> 1.725
A11: EMPRESARIAL ACTIVA | B11: 45917 | C11: ATENCIÓN TELEFÓNICA | D11: DIAGNÓSTICO | E11: Despedida, | F11: 13.8 | G11: =IFERROR((F11/$F$31),0) -> 0.055555556 | H11: =((F11)-(F11/4)) -> 10.35 | I11: =F11-H11 -> 3.45
A12: EMPRESARIAL ACTIVA | B12: 45917 | C12: IMPECABILIDAD | D12: DIAGNÓSTICO | E12: Oferta, | F12: 6.9 | G12: =IFERROR((F12/$F$31),0) -> 0.027777778 | H12: =((F12)-(F12/4)) -> 5.175 | I12: =F12-H12 -> 1.725
A13: EMPRESARIAL ACTIVA | B13: 45917 | C13: IMPECABILIDAD | D13: DIAGNÓSTICO | E13: Conocimiento Del Producto | F13: 3.45 | G13: =IFERROR((F13/$F$31),0) -> 0.013888889 | H13: =((F13)-(F13/4)) -> 2.5875 | I13: =F13-H13 -> 0.8625
A14: EMPRESARIAL ACTIVA | B14: 45917 | C14: IMPECABILIDAD | D14: DIAGNÓSTICO | E14: ModulaciÃ³n | F14: 0 | G14: =IFERROR((F14/$F$31),0) -> 0 | H14: =((F14)-(F14/4)) -> 0 | I14: =F14-H14 -> 0
... A30: EMPRESARIAL ACTIVA | B30: 45917 | C30: METODOLOGÍA DE GESTIÓN | D30: DIAGNÓSTICO | E30: Protocolo De GestiÃ³n | F30: 3.45 | G30: =IFERROR((F30/$F$31),0) -> 0.013888889 | H30: =((F30)-(F30/4)) -> 2.5875 | I30: =F30-H30 -> 0.8625
A31: EMPRESARIAL ACTIVA | B31: 45917 | C31: TOTAL | D31: TOTAL DIAGNÓSTICO | E31: TOTAL | F31: =SUM(F2:F30) -> 248.4 | G31: =SUM(G2:G30) -> 1 | H31: =((F31)-(F31/4)) -> 186.3 | I31: =SUM(I2:I30) -> 62.1 | J31: EMPEORA
A32: EMPRESARIAL ACTIVA | C32: ATENCIÓN TELEFÓNICA | D32: MONITOREO 1 | E32: PresentaciÃ³n, | F32: {=TRANSPOSE(DIAGNÓSTICO!P39:AR39)} -> 0 | G32: =IFERROR((F32/$F$61),0) -> 0 | H32: =H2/4 -> 1.940625 | I32: =F2-H32 -> 8.409375 | J32: =IF(F32<=I32,$M$1,IF(F32=F2,$L$1,IF(F32>F2,$N$1,0))) -> MEJORA
A33: EMPRESARIAL ACTIVA | C33: ATENCIÓN TELEFÓNICA | D33: MONITOREO 1 | E33: Explica el motivo de la llamada de forma clara y rÃ¡pida, | F33: 0 | G33: =IFERROR((F33/$F$61),0) -> 0 | H33: =H3/4 -> 4.528125 | I33: =F3-H33 -> 19.621875 | J33: =IF(F33<=I33,$M$1,IF(F33=F3,$L$1,IF(F33>F3,$N$1,0))) -> MEJORA
A34: EMPRESARIAL ACTIVA | C34: ATENCIÓN TELEFÓNICA | D34: MONITOREO 1 | E34: Escucha Activa, | F34: 0 | G34: =IFERROR((F34/$F$61),0) -> 0 | H34: =H4/4 -> 2.5875 | I34: =F4-H34 -> 11.2125 | J34: =IF(F34<=I34,$M$1,IF(F34=F4,$L$1,IF(F34>F4,$N$1,0))) -> MEJORA
A35: EMPRESARIAL ACTIVA | C35: ATENCIÓN TELEFÓNICA | D35: MONITOREO 1 | E35: Preguntar, | F35: 0 | G35: =IFERROR((F35/$F$61),0) -> 0 | H35: =H5/4 -> 2.5875 | I35: =F5-H35 -> 11.2125 | J35: =IF(F35<=I35,$M$1,IF(F35=F5,$L$1,IF(F35>F5,$N$1,0))) -> MEJORA
A36: EMPRESARIAL ACTIVA | C36: ATENCIÓN TELEFÓNICA | D36: MONITOREO 1 | E36: Rebatir, | F36: 0 | G36: =IFERROR((F36/$F$61),0) -> 0 | H36: =H6/4 -> 5.175 | I36: =F6-H36 -> 22.425 | J36: =IF(F36<=I36,$M$1,IF(F36=F6,$L$1,IF(F36>F6,$N$1,0))) -> MEJORA
A37: EMPRESARIAL ACTIVA | C37: ATENCIÓN TELEFÓNICA | D37: MONITOREO 1 | E37: Vender, | F37: 0 | G37: =IFERROR((F37/$F$61),0) -> 0 | H37: =H7/4 -> 5.821875 | I37: =F7-H37 -> 25.228125 | J37: =IF(F37<=I37,$M$1,IF(F37=F7,$L$1,IF(F37>F7,$N$1,0))) -> MEJORA
A38: EMPRESARIAL ACTIVA | C38: ATENCIÓN TELEFÓNICA | D38: MONITOREO 1 | E38: Beneficios, | F38: 0 | G38: =IFERROR((F38/$F$61),0) -> 0 | H38: =H8/4 -> 6.46875 | I38: =F8-H38 -> 28.03125 | J38: =IF(F38<=I38,$M$1,IF(F38=F8,$L$1,IF(F38>F8,$N$1,0))) -> MEJORA
A39: EMPRESARIAL ACTIVA | C39: ATENCIÓN TELEFÓNICA | D39: MONITOREO 1 | E39: Cierre, | F39: 0 | G39: =IFERROR((F39/$F$61),0) -> 0 | H39: =H9/4 -> 3.234375 | I39: =F9-H39 -> 14.015625 | J39: =IF(F39<=I39,$M$1,IF(F39=F9,$L$1,IF(F39>F9,$N$1,0))) -> MEJORA
A40: EMPRESARIAL ACTIVA | C40: ATENCIÓN TELEFÓNICA | D40: MONITOREO 1 | E40: ActualizaciÃ³n de datos, | F40: 0 | G40: =IFERROR((F40/$F$61),0) -> 0 | H40: =H10/4 -> 1.29375 | I40: =F10-H40 -> 5.60625 | J40: =IF(F40<=I40,$M$1,IF(F40=F10,$L$1,IF(F40>F10,$N$1,0))) -> MEJORA
A41: EMPRESARIAL ACTIVA | C41: ATENCIÓN TELEFÓNICA | D41: MONITOREO 1 | E41: Despedida, | F41: 0 | G41: =IFERROR((F41/$F$61),0) -> 0 | H41: =H11/4 -> 2.5875 | I41: =F11-H41 -> 11.2125 | J41: =IF(F41<=I41,$M$1,IF(F41=F11,$L$1,IF(F41>F11,$N$1,0))) -> MEJORA
A42: EMPRESARIAL ACTIVA | C42: IMPECABILIDAD | D42: MONITOREO 1 | E42: Oferta, | F42: 0 | G42: =IFERROR((F42/$F$61),0) -> 0 | H42: =H12/4 -> 1.29375 | I42: =F12-H42 -> 5.60625 | J42: =IF(F42<=I42,$M$1,IF(F42=F12,$L$1,IF(F42>F12,$N$1,0))) -> MEJORA
A43: EMPRESARIAL ACTIVA | C43: IMPECABILIDAD | D43: MONITOREO 1 | E43: Conocimiento Del Producto | F43: 0 | G43: =IFERROR((F43/$F$61),0) -> 0 | H43: =H13/4 -> 0.646875 | I43: =F13-H43 -> 2.803125 | J43: =IF(F43<=I43,$M$1,IF(F43=F13,$L$1,IF(F43>F13,$N$1,0))) -> MEJORA
A44: EMPRESARIAL ACTIVA | C44: IMPECABILIDAD | D44: MONITOREO 1 | E44: ModulaciÃ³n | F44: 0 | G44: =IFERROR((F44/$F$61),0) -> 0 | H44: =H14/4 -> 0 | I44: =F14-H44 -> 0 | J44: =IF(F44<=I44,$M$1,IF(F44=F14,$L$1,IF(F44>F14,$N$1,0))) -> MEJORA
... A60: EMPRESARIAL ACTIVA | C60: METODOLOGÍA DE GESTIÓN | D60: MONITOREO 1 | E60: Protocolo De GestiÃ³n | F60: 0 | G60: =IFERROR((F60/$F$61),0) -> 0 | H60: =H30/4 -> 0.646875 | I60: =F30-H60 -> 2.803125 | J60: =IF(F60<=I60,$M$1,IF(F60=F30,$L$1,IF(F60>F30,$N$1,0))) -> MEJORA
A61: EMPRESARIAL ACTIVA | C61: TOTAL | D61: TOTAL MONITOREO 1 | E61: TOTAL | F61: =SUM(F32:F60) -> 0 | G61: =SUM(G32:G60) -> 0 | H61: =SUM(H32:H60) -> 46.575 | I61: =F31-H61 -> 201.825 | J61: =IF(F61<=I61,$M$1,IF(F61=F31,$L$1,IF(F61>F31,$N$1,0))) -> MEJORA
A62: EMPRESARIAL ACTIVA | C62: ATENCIÓN TELEFÓNICA | D62: MONITOREO 2 | E62: PresentaciÃ³n, | F62: {=TRANSPOSE(DIAGNÓSTICO!P58:AR58)} -> 0 | G62: =IFERROR((F62/$F$91),0) -> 0 | H62: =H32 -> 1.940625 | I62: =((F2)-(H32+H62)) -> 6.46875 | J62: =IF(F62<=I62,$M$1,IF(F62=F32,$L$1,IF(F62>F32,$N$1,0))) -> MEJORA
A63: EMPRESARIAL ACTIVA | C63: ATENCIÓN TELEFÓNICA | D63: MONITOREO 2 | E63: Explica el motivo de la llamada de forma clara y rÃ¡pida, | F63: 0 | G63: =IFERROR((F63/$F$91),0) -> 0 | H63: =H33 -> 4.528125 | I63: =((F3)-(H33+H63)) -> 15.09375 | J63: =IF(F63<=I63,$M$1,IF(F63=F33,$L$1,IF(F63>F33,$N$1,0))) -> MEJORA
A64: EMPRESARIAL ACTIVA | C64: ATENCIÓN TELEFÓNICA | D64: MONITOREO 2 | E64: Escucha Activa, | F64: 0 | G64: =IFERROR((F64/$F$91),0) -> 0 | H64: =H34 -> 2.5875 | I64: =((F4)-(H34+H64)) -> 8.625 | J64: =IF(F64<=I64,$M$1,IF(F64=F34,$L$1,IF(F64>F34,$N$1,0))) -> MEJORA
A65: EMPRESARIAL ACTIVA | C65: ATENCIÓN TELEFÓNICA | D65: MONITOREO 2 | E65: Preguntar, | F65: 0 | G65: =IFERROR((F65/$F$91),0) -> 0 | H65: =H35 -> 2.5875 | I65: =((F5)-(H35+H65)) -> 8.625 | J65: =IF(F65<=I65,$M$1,IF(F65=F35,$L$1,IF(F65>F35,$N$1,0))) -> MEJORA
A66: EMPRESARIAL ACTIVA | C66: ATENCIÓN TELEFÓNICA | D66: MONITOREO 2 | E66: Rebatir, | F66: 0 | G66: =IFERROR((F66/$F$91),0) -> 0 | H66: =H36 -> 5.175 | I66: =((F6)-(H36+H66)) -> 17.25 | J66: =IF(F66<=I66,$M$1,IF(F66=F36,$L$1,IF(F66>F36,$N$1,0))) -> MEJORA
A67: EMPRESARIAL ACTIVA | C67: ATENCIÓN TELEFÓNICA | D67: MONITOREO 2 | E67: Vender, | F67: 0 | G67: =IFERROR((F67/$F$91),0) -> 0 | H67: =H37 -> 5.821875 | I67: =((F7)-(H37+H67)) -> 19.40625 | J67: =IF(F67<=I67,$M$1,IF(F67=F37,$L$1,IF(F67>F37,$N$1,0))) -> MEJORA
A68: EMPRESARIAL ACTIVA | C68: ATENCIÓN TELEFÓNICA | D68: MONITOREO 2 | E68: Beneficios, | F68: 0 | G68: =IFERROR((F68/$F$91),0) -> 0 | H68: =H38 -> 6.46875 | I68: =((F8)-(H38+H68)) -> 21.5625 | J68: =IF(F68<=I68,$M$1,IF(F68=F38,$L$1,IF(F68>F38,$N$1,0))) -> MEJORA
A69: EMPRESARIAL ACTIVA | C69: ATENCIÓN TELEFÓNICA | D69: MONITOREO 2 | E69: Cierre, | F69: 0 | G69: =IFERROR((F69/$F$91),0) -> 0 | H69: =H39 -> 3.234375 | I69: =((F9)-(H39+H69)) -> 10.78125 | J69: =IF(F69<=I69,$M$1,IF(F69=F39,$L$1,IF(F69>F39,$N$1,0))) -> MEJORA
A70: EMPRESARIAL ACTIVA | C70: ATENCIÓN TELEFÓNICA | D70: MONITOREO 2 | E70: ActualizaciÃ³n de datos, | F70: 0 | G70: =IFERROR((F70/$F$91),0) -> 0 | H70: =H40 -> 1.29375 | I70: =((F10)-(H40+H70)) -> 4.3125 | J70: =IF(F70<=I70,$M$1,IF(F70=F40,$L$1,IF(F70>F40,$N$1,0))) -> MEJORA
A71: EMPRESARIAL ACTIVA | C71: ATENCIÓN TELEFÓNICA | D71: MONITOREO 2 | E71: Despedida, | F71: 0 | G71: =IFERROR((F71/$F$91),0) -> 0 | H71: =H41 -> 2.5875 | I71: =((F11)-(H41+H71)) -> 8.625 | J71: =IF(F71<=I71,$M$1,IF(F71=F41,$L$1,IF(F71>F41,$N$1,0))) -> MEJORA
A72: EMPRESARIAL ACTIVA | C72: IMPECABILIDAD | D72: MONITOREO 2 | E72: Oferta, | F72: 0 | G72: =IFERROR((F72/$F$91),0) -> 0 | H72: =H42 -> 1.29375 | I72: =((F12)-(H42+H72)) -> 4.3125 | J72: =IF(F72<=I72,$M$1,IF(F72=F42,$L$1,IF(F72>F42,$N$1,0))) -> MEJORA
A73: EMPRESARIAL ACTIVA | C73: IMPECABILIDAD | D73: MONITOREO 2 | E73: Conocimiento Del Producto | F73: 0 | G73: =IFERROR((F73/$F$91),0) -> 0 | H73: =H43 -> 0.646875 | I73: =((F13)-(H43+H73)) -> 2.15625 | J73: =IF(F73<=I73,$M$1,IF(F73=F43,$L$1,IF(F73>F43,$N$1,0))) -> MEJORA
A74: EMPRESARIAL ACTIVA | C74: IMPECABILIDAD | D74: MONITOREO 2 | E74: ModulaciÃ³n | F74: 0 | G74: =IFERROR((F74/$F$91),0) -> 0 | H74: =H44 -> 0 | I74: =((F14)-(H44+H74)) -> 0 | J74: =IF(F74<=I74,$M$1,IF(F74=F44,$L$1,IF(F74>F44,$N$1,0))) -> MEJORA
... A90: EMPRESARIAL ACTIVA | C90: METODOLOGÍA DE GESTIÓN | D90: MONITOREO 2 | E90: Protocolo De GestiÃ³n | F90: 0 | G90: =IFERROR((F90/$F$91),0) -> 0 | H90: =H60 -> 0.646875 | I90: =((F30)-(H60+H90)) -> 2.15625 | J90: =IF(F90<=I90,$M$1,IF(F90=F60,$L$1,IF(F90>F60,$N$1,0))) -> MEJORA
A91: EMPRESARIAL ACTIVA | C91: TOTAL | D91: TOTAL MONITOREO 2 | E91: TOTAL | F91: =SUM(F62:F90) -> 0 | G91: =SUM(G62:G90) -> 0 | H91: =SUM(H62:H90) -> 46.575 | I91: =((F31)-(H61+H91)) -> 155.25 | J91: =IF(F91<=I91,$M$1,IF(F91=F61,$L$1,IF(F91>F61,$N$1,0))) -> MEJORA
A92: EMPRESARIAL ACTIVA | C92: ATENCIÓN TELEFÓNICA | D92: MONITOREO 3 | E92: PresentaciÃ³n, | F92: {=TRANSPOSE(DIAGNÓSTICO!P77:AR77)} -> 0 | G92: =IFERROR((F92/$F$121),0) -> 0 | H92: =H32 -> 1.940625 | I92: =((F2)-(H32+H62+H92)) -> 4.528125 | J92: =IF(F92<=I92,$M$1,IF(F92=F62,$L$1,IF(F92>F62,$N$1,0))) -> MEJORA
A93: EMPRESARIAL ACTIVA | C93: ATENCIÓN TELEFÓNICA | D93: MONITOREO 3 | E93: Explica el motivo de la llamada de forma clara y rÃ¡pida, | F93: 0 | G93: =IFERROR((F93/$F$121),0) -> 0 | H93: =H33 -> 4.528125 | I93: =((F3)-(H33+H63+H93)) -> 10.565625 | J93: =IF(F93<=I93,$M$1,IF(F93=F63,$L$1,IF(F93>F63,$N$1,0))) -> MEJORA
A94: EMPRESARIAL ACTIVA | C94: ATENCIÓN TELEFÓNICA | D94: MONITOREO 3 | E94: Escucha Activa, | F94: 0 | G94: =IFERROR((F94/$F$121),0) -> 0 | H94: =H34 -> 2.5875 | I94: =((F4)-(H34+H64+H94)) -> 6.0375 | J94: =IF(F94<=I94,$M$1,IF(F94=F64,$L$1,IF(F94>F64,$N$1,0))) -> MEJORA
A95: EMPRESARIAL ACTIVA | C95: ATENCIÓN TELEFÓNICA | D95: MONITOREO 3 | E95: Preguntar, | F95: 0 | G95: =IFERROR((F95/$F$121),0) -> 0 | H95: =H35 -> 2.5875 | I95: =((F5)-(H35+H65+H95)) -> 6.0375 | J95: =IF(F95<=I95,$M$1,IF(F95=F65,$L$1,IF(F95>F65,$N$1,0))) -> MEJORA
A96: EMPRESARIAL ACTIVA | C96: ATENCIÓN TELEFÓNICA | D96: MONITOREO 3 | E96: Rebatir, | F96: 0 | G96: =IFERROR((F96/$F$121),0) -> 0 | H96: =H36 -> 5.175 | I96: =((F6)-(H36+H66+H96)) -> 12.075 | J96: =IF(F96<=I96,$M$1,IF(F96=F66,$L$1,IF(F96>F66,$N$1,0))) -> MEJORA
A97: EMPRESARIAL ACTIVA | C97: ATENCIÓN TELEFÓNICA | D97: MONITOREO 3 | E97: Vender, | F97: 0 | G97: =IFERROR((F97/$F$121),0) -> 0 | H97: =H37 -> 5.821875 | I97: =((F7)-(H37+H67+H97)) -> 13.584375 | J97: =IF(F97<=I97,$M$1,IF(F97=F67,$L$1,IF(F97>F67,$N$1,0))) -> MEJORA
A98: EMPRESARIAL ACTIVA | C98: ATENCIÓN TELEFÓNICA | D98: MONITOREO 3 | E98: Beneficios, | F98: 0 | G98: =IFERROR((F98/$F$121),0) -> 0 | H98: =H38 -> 6.46875 | I98: =((F8)-(H38+H68+H98)) -> 15.09375 | J98: =IF(F98<=I98,$M$1,IF(F98=F68,$L$1,IF(F98>F68,$N$1,0))) -> MEJORA
A99: EMPRESARIAL ACTIVA | C99: ATENCIÓN TELEFÓNICA | D99: MONITOREO 3 | E99: Cierre, | F99: 0 | G99: =IFERROR((F99/$F$121),0) -> 0 | H99: =H39 -> 3.234375 | I99: =((F9)-(H39+H69+H99)) -> 7.546875 | J99: =IF(F99<=I99,$M$1,IF(F99=F69,$L$1,IF(F99>F69,$N$1,0))) -> MEJORA
A100: EMPRESARIAL ACTIVA | C100: ATENCIÓN TELEFÓNICA | D100: MONITOREO 3 | E100: ActualizaciÃ³n de datos, | F100: 0 | G100: =IFERROR((F100/$F$121),0) -> 0 | H100: =H40 -> 1.29375 | I100: =((F10)-(H40+H70+H100)) -> 3.01875 | J100: =IF(F100<=I100,$M$1,IF(F100=F70,$L$1,IF(F100>F70,$N$1,0))) -> MEJORA
A101: EMPRESARIAL ACTIVA | C101: ATENCIÓN TELEFÓNICA | D101: MONITOREO 3 | E101: Despedida, | F101: 0 | G101: =IFERROR((F101/$F$121),0) -> 0 | H101: =H41 -> 2.5875 | I101: =((F11)-(H41+H71+H101)) -> 6.0375 | J101: =IF(F101<=I101,$M$1,IF(F101=F71,$L$1,IF(F101>F71,$N$1,0))) -> MEJORA
A102: EMPRESARIAL ACTIVA | C102: IMPECABILIDAD | D102: MONITOREO 3 | E102: Oferta, | F102: 0 | G102: =IFERROR((F102/$F$121),0) -> 0 | H102: =H42 -> 1.29375 | I102: =((F12)-(H42+H72+H102)) -> 3.01875 | J102: =IF(F102<=I102,$M$1,IF(F102=F72,$L$1,IF(F102>F72,$N$1,0))) -> MEJORA
A103: EMPRESARIAL ACTIVA | C103: IMPECABILIDAD | D103: MONITOREO 3 | E103: Conocimiento Del Producto | F103: 0 | G103: =IFERROR((F103/$F$121),0) -> 0 | H103: =H43 -> 0.646875 | I103: =((F13)-(H43+H73+H103)) -> 1.509375 | J103: =IF(F103<=I103,$M$1,IF(F103=F73,$L$1,IF(F103>F73,$N$1,0))) -> MEJORA
A104: EMPRESARIAL ACTIVA | C104: IMPECABILIDAD | D104: MONITOREO 3 | E104: ModulaciÃ³n | F104: 0 | G104: =IFERROR((F104/$F$121),0) -> 0 | H104: =H44 -> 0 | I104: =((F14)-(H44+H74+H104)) -> 0 | J104: =IF(F104<=I104,$M$1,IF(F104=F74,$L$1,IF(F104>F74,$N$1,0))) -> MEJORA
... A120: EMPRESARIAL ACTIVA | C120: METODOLOGÍA DE GESTIÓN | D120: MONITOREO 3 | E120: Protocolo De GestiÃ³n | F120: 0 | G120: =IFERROR((F120/$F$121),0) -> 0 | H120: =H60 -> 0.646875 | I120: =((F30)-(H60+H90+H120)) -> 1.509375 | J120: =IF(F120<=I120,$M$1,IF(F120=F90,$L$1,IF(F120>F90,$N$1,0))) -> MEJORA
A121: EMPRESARIAL ACTIVA | C121: TOTAL | D121: TOTAL MONITOREO 3 | E121: TOTAL | F121: =SUM(F92:F120) -> 0 | G121: =SUM(G92:G120) -> 0 | H121: =SUM(H92:H120) -> 46.575 | I121: =((F31)-(H61+H91+H121)) -> 108.675 | J121: =IF(F121<=I121,$M$1,IF(F121=F91,$L$1,IF(F121>F91,$N$1,0))) -> MEJORA
A122: EMPRESARIAL ACTIVA | C122: ATENCIÓN TELEFÓNICA | D122: MONITOREO 4 | E122: PresentaciÃ³n, | F122: {=TRANSPOSE(DIAGNÓSTICO!P96:AR96)} -> 0 | G122: =IFERROR((F122/$F$151),0) -> 0 | H122: =H32 -> 1.940625 | I122: =((F2)-(H32+H62+H92+H122)) -> 2.5875 | J122: =IF(F122<=I122,$M$1,IF(F122=F92,$L$1,IF(F122>F92,$N$1,0))) -> MEJORA
A123: EMPRESARIAL ACTIVA | C123: ATENCIÓN TELEFÓNICA | D123: MONITOREO 4 | E123: Explica el motivo de la llamada de forma clara y rÃ¡pida, | F123: 0 | G123: =IFERROR((F123/$F$151),0) -> 0 | H123: =H33 -> 4.528125 | I123: =((F3)-(H33+H63+H93+H123)) -> 6.0375 | J123: =IF(F123<=I123,$M$1,IF(F123=F93,$L$1,IF(F123>F93,$N$1,0))) -> MEJORA
A124: EMPRESARIAL ACTIVA | C124: ATENCIÓN TELEFÓNICA | D124: MONITOREO 4 | E124: Escucha Activa, | F124: 0 | G124: =IFERROR((F124/$F$151),0) -> 0 | H124: =H34 -> 2.5875 | I124: =((F4)-(H34+H64+H94+H124)) -> 3.45 | J124: =IF(F124<=I124,$M$1,IF(F124=F94,$L$1,IF(F124>F94,$N$1,0))) -> MEJORA
A125: EMPRESARIAL ACTIVA | C125: ATENCIÓN TELEFÓNICA | D125: MONITOREO 4 | E125: Preguntar, | F125: 0 | G125: =IFERROR((F125/$F$151),0) -> 0 | H125: =H35 -> 2.5875 | I125: =((F5)-(H35+H65+H95+H125)) -> 3.45 | J125: =IF(F125<=I125,$M$1,IF(F125=F95,$L$1,IF(F125>F95,$N$1,0))) -> MEJORA
A126: EMPRESARIAL ACTIVA | C126: ATENCIÓN TELEFÓNICA | D126: MONITOREO 4 | E126: Rebatir, | F126: 0 | G126: =IFERROR((F126/$F$151),0) -> 0 | H126: =H36 -> 5.175 | I126: =((F6)-(H36+H66+H96+H126)) -> 6.9 | J126: =IF(F126<=I126,$M$1,IF(F126=F96,$L$1,IF(F126>F96,$N$1,0))) -> MEJORA
A127: EMPRESARIAL ACTIVA | C127: ATENCIÓN TELEFÓNICA | D127: MONITOREO 4 | E127: Vender, | F127: 0 | G127: =IFERROR((F127/$F$151),0) -> 0 | H127: =H37 -> 5.821875 | I127: =((F7)-(H37+H67+H97+H127)) -> 7.7625 | J127: =IF(F127<=I127,$M$1,IF(F127=F97,$L$1,IF(F127>F97,$N$1,0))) -> MEJORA
A128: EMPRESARIAL ACTIVA | C128: ATENCIÓN TELEFÓNICA | D128: MONITOREO 4 | E128: Beneficios, | F128: 0 | G128: =IFERROR((F128/$F$151),0) -> 0 | H128: =H38 -> 6.46875 | I128: =((F8)-(H38+H68+H98+H128)) -> 8.625 | J128: =IF(F128<=I128,$M$1,IF(F128=F98,$L$1,IF(F128>F98,$N$1,0))) -> MEJORA
A129: EMPRESARIAL ACTIVA | C129: ATENCIÓN TELEFÓNICA | D129: MONITOREO 4 | E129: Cierre, | F129: 0 | G129: =IFERROR((F129/$F$151),0) -> 0 | H129: =H39 -> 3.234375 | I129: =((F9)-(H39+H69+H99+H129)) -> 4.3125 | J129: =IF(F129<=I129,$M$1,IF(F129=F99,$L$1,IF(F129>F99,$N$1,0))) -> MEJORA
A130: EMPRESARIAL ACTIVA | C130: ATENCIÓN TELEFÓNICA | D130: MONITOREO 4 | E130: ActualizaciÃ³n de datos, | F130: 0 | G130: =IFERROR((F130/$F$151),0) -> 0 | H130: =H40 -> 1.29375 | I130: =((F10)-(H40+H70+H100+H130)) -> 1.725 | J130: =IF(F130<=I130,$M$1,IF(F130=F100,$L$1,IF(F130>F100,$N$1,0))) -> MEJORA
A131: EMPRESARIAL ACTIVA | C131: ATENCIÓN TELEFÓNICA | D131: MONITOREO 4 | E131: Despedida, | F131: 0 | G131: =IFERROR((F131/$F$151),0) -> 0 | H131: =H41 -> 2.5875 | I131: =((F11)-(H41+H71+H101+H131)) -> 3.45 | J131: =IF(F131<=I131,$M$1,IF(F131=F101,$L$1,IF(F131>F101,$N$1,0))) -> MEJORA
A132: EMPRESARIAL ACTIVA | C132: IMPECABILIDAD | D132: MONITOREO 4 | E132: Oferta, | F132: 0 | G132: =IFERROR((F132/$F$151),0) -> 0 | H132: =H42 -> 1.29375 | I132: =((F12)-(H42+H72+H102+H132)) -> 1.725 | J132: =IF(F132<=I132,$M$1,IF(F132=F102,$L$1,IF(F132>F102,$N$1,0))) -> MEJORA
A133: EMPRESARIAL ACTIVA | C133: IMPECABILIDAD | D133: MONITOREO 4 | E133: Conocimiento Del Producto | F133: 0 | G133: =IFERROR((F133/$F$151),0) -> 0 | H133: =H43 -> 0.646875 | I133: =((F13)-(H43+H73+H103+H133)) -> 0.8625 | J133: =IF(F133<=I133,$M$1,IF(F133=F103,$L$1,IF(F133>F103,$N$1,0))) -> MEJORA
A134: EMPRESARIAL ACTIVA | C134: IMPECABILIDAD | D134: MONITOREO 4 | E134: ModulaciÃ³n | F134: 0 | G134: =IFERROR((F134/$F$151),0) -> 0 | H134: =H44 -> 0 | I134: =((F14)-(H44+H74+H104+H134)) -> 0 | J134: =IF(F134<=I134,$M$1,IF(F134=F104,$L$1,IF(F134>F104,$N$1,0))) -> MEJORA
... A150: EMPRESARIAL ACTIVA | C150: METODOLOGÍA DE GESTIÓN | D150: MONITOREO 4 | E150: Protocolo De GestiÃ³n | F150: 0 | G150: =IFERROR((F150/$F$151),0) -> 0 | H150: =H60 -> 0.646875 | I150: =((F30)-(H60+H90+H120+H150)) -> 0.8625 | J150: =IF(F150<=I150,$M$1,IF(F150=F120,$L$1,IF(F150>F120,$N$1,0))) -> MEJORA
A151: EMPRESARIAL ACTIVA | C151: TOTAL | D151: TOTAL MONITOREO 4 | E151: TOTAL | F151: =SUM(F122:F150) -> 0 | G151: =SUM(G122:G150) -> 0 | H151: =SUM(H122:H150) -> 46.575 | I151: =((F31)-(H61+H91+H121+H151)) -> 62.1 | J151: =IF(F151<=I151,$M$1,IF(F151=F121,$L$1,IF(F151>F121,$N$1,0))) -> MEJORA

Sheet Hoja5
A1: SEGMENTO | B1: VARIABLE
A2: ATENCIÓN TELEFÓNICA | B2: PRESENTACIÓN
A3: ATENCIÓN TELEFÓNICA | B3: MOTIVO
A4: ATENCIÓN TELEFÓNICA | B4: ESCUCHA ACTIVA
A5: ATENCIÓN TELEFÓNICA | B5: PREGUNTAR
A6: ATENCIÓN TELEFÓNICA | B6: REBATIR
A7: ATENCIÓN TELEFÓNICA | B7: VENDER
A8: ATENCIÓN TELEFÓNICA | B8: BENEFICIOS
A9: ATENCIÓN TELEFÓNICA | B9: CIERRE
A10: ATENCIÓN TELEFÓNICA | B10: ACTUALIZACIÓN DE DATOS
A11: ATENCIÓN TELEFÓNICA | B11: DESPEDIDA
A12: IMPECABILIDAD | B12: ODERTA
... A31: TOTAL | B31: TOTAL

Sheet ESTRATIFICACIÓN
A1: PORTAFOLIO | B1: FECHA | C1: SEGMENTO | D1: TIPO DE AUDITORÍA | E1: KPI | F1: CALIFICACIÓN | G1: PESO | H1: IMPACTO TOTAL | I1: RESULTADO ESPERADO | J1: ESTADO | K1: SE MANTIENE | L1: MEJORA | M1: EMPEORA | N1: ESTRATO | O1: IMPACTO
A2: EMPRESARIAL ACTIVA | B2: 45917 | C2: ATENCIÓN TELEFÓNICA | D2: DIAGNÓSTICO | E2: Beneficios, | F2: 34.5 | G2: 0.13888889 | H2: IMPACTO TOTAL | I2: 8.625 | N2: =IF(ANÁLISIS_EQUIPO[[#This Row],[PESO]]=0,"SIN IMPACTO",IF(G2<=MAX(G$2:G$30)/4,"BAJO", IF(G2<=MAX(G$2:G$30)/2,"MEDIO", IF(G2<=MAX(G$2:G$30)*3/4,"ALTO","CRITICO")))) -> CRITICO | O2: =IF(COUNTIF(N$2:N2,N2)=1,SUMIF(N$2:N$30,N2,G$2:G$30),"") -> 0.375
A3: EMPRESARIAL ACTIVA | B3: 45917 | C3: ATENCIÓN TELEFÓNICA | D3: DIAGNÓSTICO | E3: Vender, | F3: 31.05 | G3: 0.125 | H3: 23.2875 | I3: 7.7625 | N3: =IF(ANÁLISIS_EQUIPO[[#This Row],[PESO]]=0,"SIN IMPACTO",IF(G3<=MAX(G$2:G$30)/4,"BAJO", IF(G3<=MAX(G$2:G$30)/2,"MEDIO", IF(G3<=MAX(G$2:G$30)*3/4,"ALTO","CRITICO")))) -> CRITICO | O3: =IF(COUNTIF(N$2:N3,N3)=1,SUMIF(N$2:N$30,N3,G$2:G$30),"")
A4: EMPRESARIAL ACTIVA | B4: 45917 | C4: ATENCIÓN TELEFÓNICA | D4: DIAGNÓSTICO | E4: Rebatir, | F4: 27.6 | G4: 0.11111111 | H4: 20.7 | I4: 6.9 | N4: =IF(ANÁLISIS_EQUIPO[[#This Row],[PESO]]=0,"SIN IMPACTO",IF(G4<=MAX(G$2:G$30)/4,"BAJO", IF(G4<=MAX(G$2:G$30)/2,"MEDIO", IF(G4<=MAX(G$2:G$30)*3/4,"ALTO","CRITICO")))) -> CRITICO | O4: =IF(COUNTIF(N$2:N4,N4)=1,SUMIF(N$2:N$30,N4,G$2:G$30),"")
A5: EMPRESARIAL ACTIVA | B5: 45917 | C5: ATENCIÓN TELEFÓNICA | D5: DIAGNÓSTICO | E5: Explica el motivo de la llamada de forma clara y rÃ¡pida, | F5: 24.15 | G5: 0.097222222 | H5: 18.1125 | I5: 6.0375 | N5: =IF(ANÁLISIS_EQUIPO[[#This Row],[PESO]]=0,"SIN IMPACTO",IF(G5<=MAX(G$2:G$30)/4,"BAJO", IF(G5<=MAX(G$2:G$30)/2,"MEDIO", IF(G5<=MAX(G$2:G$30)*3/4,"ALTO","CRITICO")))) -> ALTO | O5: =IF(COUNTIF(N$2:N5,N5)=1,SUMIF(N$2:N$30,N5,G$2:G$30),"") -> 0.097222222
A6: EMPRESARIAL ACTIVA | B6: 45917 | C6: ATENCIÓN TELEFÓNICA | D6: DIAGNÓSTICO | E6: Cierre, | F6: 17.25 | G6: 0.069444444 | H6: 12.9375 | I6: 4.3125 | N6: =IF(ANÁLISIS_EQUIPO[[#This Row],[PESO]]=0,"SIN IMPACTO",IF(G6<=MAX(G$2:G$30)/4,"BAJO", IF(G6<=MAX(G$2:G$30)/2,"MEDIO", IF(G6<=MAX(G$2:G$30)*3/4,"ALTO","CRITICO")))) -> MEDIO | O6: =IF(COUNTIF(N$2:N6,N6)=1,SUMIF(N$2:N$30,N6,G$2:G$30),"") -> 0.41666667 | Q6: CRITICO | R6: Q1 | S6: 10,6-14
A7: EMPRESARIAL ACTIVA | B7: 45917 | C7: ATENCIÓN TELEFÓNICA | D7: DIAGNÓSTICO | E7: Escucha Activa, | F7: 13.8 | G7: 0.055555556 | H7: 10.35 | I7: 3.45 | N7: =IF(ANÁLISIS_EQUIPO[[#This Row],[PESO]]=0,"SIN IMPACTO",IF(G7<=MAX(G$2:G$30)/4,"BAJO", IF(G7<=MAX(G$2:G$30)/2,"MEDIO", IF(G7<=MAX(G$2:G$30)*3/4,"ALTO","CRITICO")))) -> MEDIO | O7: =IF(COUNTIF(N$2:N7,N7)=1,SUMIF(N$2:N$30,N7,G$2:G$30),"") | Q7: ALTO | R7: Q2 | S7: 7,1-10,5
A8: EMPRESARIAL ACTIVA | B8: 45917 | C8: ATENCIÓN TELEFÓNICA | D8: DIAGNÓSTICO | E8: Preguntar, | F8: 13.8 | G8: 0.055555556 | H8: 10.35 | I8: 3.45 | N8: =IF(ANÁLISIS_EQUIPO[[#This Row],[PESO]]=0,"SIN IMPACTO",IF(G8<=MAX(G$2:G$30)/4,"BAJO", IF(G8<=MAX(G$2:G$30)/2,"MEDIO", IF(G8<=MAX(G$2:G$30)*3/4,"ALTO","CRITICO")))) -> MEDIO | O8: =IF(COUNTIF(N$2:N8,N8)=1,SUMIF(N$2:N$30,N8,G$2:G$30),"") | Q8: MEDIO | R8: Q3 | S8: 3,6-7
A9: EMPRESARIAL ACTIVA | B9: 45917 | C9: ATENCIÓN TELEFÓNICA | D9: DIAGNÓSTICO | E9: Despedida, | F9: 13.8 | G9: 0.055555556 | H9: 10.35 | I9: 3.45 | N9: =IF(ANÁLISIS_EQUIPO[[#This Row],[PESO]]=0,"SIN IMPACTO",IF(G9<=MAX(G$2:G$30)/4,"BAJO", IF(G9<=MAX(G$2:G$30)/2,"MEDIO", IF(G9<=MAX(G$2:G$30)*3/4,"ALTO","CRITICO")))) -> MEDIO | O9: =IF(COUNTIF(N$2:N9,N9)=1,SUMIF(N$2:N$30,N9,G$2:G$30),"") | Q9: BAJO | R9: Q4 | S9: 1-3,5
A10: EMPRESARIAL ACTIVA | B10: 45917 | C10: GESTIÓN EN CRM | D10: DIAGNÓSTICO | E10: TipificaciÃ³n, | F10: 13.8 | G10: 0.055555556 | H10: 10.35 | I10: 3.45 | N10: =IF(ANÁLISIS_EQUIPO[[#This Row],[PESO]]=0,"SIN IMPACTO",IF(G10<=MAX(G$2:G$30)/4,"BAJO", IF(G10<=MAX(G$2:G$30)/2,"MEDIO", IF(G10<=MAX(G$2:G$30)*3/4,"ALTO","CRITICO")))) -> MEDIO | O10: =IF(COUNTIF(N$2:N10,N10)=1,SUMIF(N$2:N$30,N10,G$2:G$30),"")
A11: EMPRESARIAL ACTIVA | B11: 45917 | C11: ATENCIÓN TELEFÓNICA | D11: DIAGNÓSTICO | E11: PresentaciÃ³n, | F11: 10.35 | G11: 0.041666667 | H11: 7.7625 | I11: 2.5875 | N11: =IF(ANÁLISIS_EQUIPO[[#This Row],[PESO]]=0,"SIN IMPACTO",IF(G11<=MAX(G$2:G$30)/4,"BAJO", IF(G11<=MAX(G$2:G$30)/2,"MEDIO", IF(G11<=MAX(G$2:G$30)*3/4,"ALTO","CRITICO")))) -> MEDIO | O11: =IF(COUNTIF(N$2:N11,N11)=1,SUMIF(N$2:N$30,N11,G$2:G$30),"")
A12: EMPRESARIAL ACTIVA | B12: 45917 | C12: IMPECABILIDAD | D12: DIAGNÓSTICO | E12: TMO | F12: 10.35 | G12: 0.041666667 | H12: 7.7625 | I12: 2.5875 | N12: =IF(ANÁLISIS_EQUIPO[[#This Row],[PESO]]=0,"SIN IMPACTO",IF(G12<=MAX(G$2:G$30)/4,"BAJO", IF(G12<=MAX(G$2:G$30)/2,"MEDIO", IF(G12<=MAX(G$2:G$30)*3/4,"ALTO","CRITICO")))) -> MEDIO | O12: =IF(COUNTIF(N$2:N12,N12)=1,SUMIF(N$2:N$30,N12,G$2:G$30),"")
A13: EMPRESARIAL ACTIVA | B13: 45917 | C13: IMPECABILIDAD | D13: DIAGNÓSTICO | E13: Manejo De Emociones, | F13: 10.35 | G13: 0.041666667 | H13: 7.7625 | I13: 2.5875 | N13: =IF(ANÁLISIS_EQUIPO[[#This Row],[PESO]]=0,"SIN IMPACTO",IF(G13<=MAX(G$2:G$30)/4,"BAJO", IF(G13<=MAX(G$2:G$30)/2,"MEDIO", IF(G13<=MAX(G$2:G$30)*3/4,"ALTO","CRITICO")))) -> MEDIO | O13: =IF(COUNTIF(N$2:N13,N13)=1,SUMIF(N$2:N$30,N13,G$2:G$30),"")
A14: EMPRESARIAL ACTIVA | B14: 45917 | C14: ATENCIÓN TELEFÓNICA | D14: DIAGNÓSTICO | E14: ActualizaciÃ³n de datos, | F14: 6.9 | G14: 0.027777778 | H14: 5.175 | I14: 1.725 | N14: =IF(ANÁLISIS_EQUIPO[[#This Row],[PESO]]=0,"SIN IMPACTO",IF(G14<=MAX(G$2:G$30)/4,"BAJO", IF(G14<=MAX(G$2:G$30)/2,"MEDIO", IF(G14<=MAX(G$2:G$30)*3/4,"ALTO","CRITICO")))) -> BAJO | O14: =IF(COUNTIF(N$2:N14,N14)=1,SUMIF(N$2:N$30,N14,G$2:G$30),"") -> 0.11111111
A15: EMPRESARIAL ACTIVA | B15: 45917 | C15: IMPECABILIDAD | D15: DIAGNÓSTICO | E15: Oferta, | F15: 6.9 | G15: 0.027777778 | H15: 5.175 | I15: 1.725 | N15: =IF(ANÁLISIS_EQUIPO[[#This Row],[PESO]]=0,"SIN IMPACTO",IF(G15<=MAX(G$2:G$30)/4,"BAJO", IF(G15<=MAX(G$2:G$30)/2,"MEDIO", IF(G15<=MAX(G$2:G$30)*3/4,"ALTO","CRITICO")))) -> BAJO | O15: =IF(COUNTIF(N$2:N15,N15)=1,SUMIF(N$2:N$30,N15,G$2:G$30),"")
A16: EMPRESARIAL ACTIVA | B16: 45917 | C16: IMPECABILIDAD | D16: DIAGNÓSTICO | E16: Conocimiento Del Producto | F16: 3.45 | G16: 0.013888889 | H16: 2.5875 | I16: 0.8625 | N16: =IF(ANÁLISIS_EQUIPO[[#This Row],[PESO]]=0,"SIN IMPACTO",IF(G16<=MAX(G$2:G$30)/4,"BAJO", IF(G16<=MAX(G$2:G$30)/2,"MEDIO", IF(G16<=MAX(G$2:G$30)*3/4,"ALTO","CRITICO")))) -> BAJO | O16: =IF(COUNTIF(N$2:N16,N16)=1,SUMIF(N$2:N$30,N16,G$2:G$30),"")
A17: EMPRESARIAL ACTIVA | B17: 45917 | C17: IMPECABILIDAD | D17: DIAGNÓSTICO | E17: Muletillas | F17: 3.45 | G17: 0.013888889 | H17: 2.5875 | I17: 0.8625 | N17: =IF(ANÁLISIS_EQUIPO[[#This Row],[PESO]]=0,"SIN IMPACTO",IF(G17<=MAX(G$2:G$30)/4,"BAJO", IF(G17<=MAX(G$2:G$30)/2,"MEDIO", IF(G17<=MAX(G$2:G$30)*3/4,"ALTO","CRITICO")))) -> BAJO | O17: =IF(COUNTIF(N$2:N17,N17)=1,SUMIF(N$2:N$30,N17,G$2:G$30),"")
A18: EMPRESARIAL ACTIVA | B18: 45917 | C18: GESTIÓN EN CRM | D18: DIAGNÓSTICO | E18: ObservaciÃ³n, | F18: 3.45 | G18: 0.013888889 | H18: 2.5875 | I18: 0.8625 | N18: =IF(ANÁLISIS_EQUIPO[[#This Row],[PESO]]=0,"SIN IMPACTO",IF(G18<=MAX(G$2:G$30)/4,"BAJO", IF(G18<=MAX(G$2:G$30)/2,"MEDIO", IF(G18<=MAX(G$2:G$30)*3/4,"ALTO","CRITICO")))) -> BAJO | O18: =IF(COUNTIF(N$2:N18,N18)=1,SUMIF(N$2:N$30,N18,G$2:G$30),"")
A19: EMPRESARIAL ACTIVA | B19: 45917 | C19: METODOLOGÍA DE GESTIÓN | D19: DIAGNÓSTICO | E19: Protocolo De GestiÃ³n | F19: 3.45 | G19: 0.013888889 | H19: 2.5875 | I19: 0.8625 | N19: =IF(ANÁLISIS_EQUIPO[[#This Row],[PESO]]=0,"SIN IMPACTO",IF(G19<=MAX(G$2:G$30)/4,"BAJO", IF(G19<=MAX(G$2:G$30)/2,"MEDIO", IF(G19<=MAX(G$2:G$30)*3/4,"ALTO","CRITICO")))) -> BAJO | O19: =IF(COUNTIF(N$2:N19,N19)=1,SUMIF(N$2:N$30,N19,G$2:G$30),"")
A20: EMPRESARIAL ACTIVA | B20: 45917 | C20: IMPECABILIDAD | D20: DIAGNÓSTICO | E20: ModulaciÃ³n | F20: 0 | G20: 0 | H20: 0 | I20: 0 | N20: =IF(ANÁLISIS_EQUIPO[[#This Row],[PESO]]=0,"SIN IMPACTO",IF(G20<=MAX(G$2:G$30)/4,"BAJO", IF(G20<=MAX(G$2:G$30)/2,"MEDIO", IF(G20<=MAX(G$2:G$30)*3/4,"ALTO","CRITICO")))) -> SIN IMPACTO | O20: =IF(COUNTIF(N$2:N20,N20)=1,SUMIF(N$2:N$30,N20,G$2:G$30),"") -> 0
A21: EMPRESARIAL ACTIVA | B21: 45917 | C21: IMPECABILIDAD | D21: DIAGNÓSTICO | E21: Ruido Ambiente | F21: 0 | G21: 0 | H21: 0 | I21: 0 | N21: =IF(ANÁLISIS_EQUIPO[[#This Row],[PESO]]=0,"SIN IMPACTO",IF(G21<=MAX(G$2:G$30)/4,"BAJO", IF(G21<=MAX(G$2:G$30)/2,"MEDIO", IF(G21<=MAX(G$2:G$30)*3/4,"ALTO","CRITICO")))) -> SIN IMPACTO | O21: =IF(COUNTIF(N$2:N21,N21)=1,SUMIF(N$2:N$30,N21,G$2:G$30),"")
... A30: EMPRESARIAL ACTIVA | B30: 45917 | C30: METODOLOGÍA DE GESTIÓN | D30: DIAGNÓSTICO | E30: Protocolo De GestiÃ³n, | F30: 0 | G30: 0 | H30: 0 | I30: 0 | N30: =IF(ANÁLISIS_EQUIPO[[#This Row],[PESO]]=0,"SIN IMPACTO",IF(G30<=MAX(G$2:G$30)/4,"BAJO", IF(G30<=MAX(G$2:G$30)/2,"MEDIO", IF(G30<=MAX(G$2:G$30)*3/4,"ALTO","CRITICO")))) -> SIN IMPACTO | O30: =IF(COUNTIF(N$2:N30,N30)=1,SUMIF(N$2:N$30,N30,G$2:G$30),"")
A31: EMPRESARIAL ACTIVA | B31: 45917 | C31: TOTAL | D31: TOTAL DIAGNÓSTICO | E31: TOTAL | F31: 248.4 | G31: 1 | H31: 186.3 | I31: 62.1 | J31: EMPEORA
A32: EMPRESARIAL ACTIVA | C32: ATENCIÓN TELEFÓNICA | D32: MONITOREO 1 | E32: PresentaciÃ³n, | F32: 17.25 | G32: 1 | H32: 1.940625 | I32: 8.409375 | J32: EMPEORA | N32: =IF(ANÁLISIS_EQUIPO[[#This Row],[PESO]]=0,"SIN IMPACTO",IF(G32<=MAX(G$32:G$60)/4,"BAJO", IF(G32<=MAX(G$32:G$60)/2,"MEDIO", IF(G32<=MAX(G$32:G$60)*3/4,"ALTO","CRITICO")))) -> CRITICO
A33: EMPRESARIAL ACTIVA | C33: ATENCIÓN TELEFÓNICA | D33: MONITOREO 1 | E33: Explica el motivo de la llamada de forma clara y rÃ¡pida, | F33: 0 | G33: 0 | H33: 4.528125 | I33: 19.621875 | J33: MEJORA | N33: =IF(ANÁLISIS_EQUIPO[[#This Row],[PESO]]=0,"SIN IMPACTO",IF(G33<=MAX(G$32:G$60)/4,"BAJO", IF(G33<=MAX(G$32:G$60)/2,"MEDIO", IF(G33<=MAX(G$32:G$60)*3/4,"ALTO","CRITICO")))) -> SIN IMPACTO
A34: EMPRESARIAL ACTIVA | C34: ATENCIÓN TELEFÓNICA | D34: MONITOREO 1 | E34: Escucha Activa, | F34: 0 | G34: 0 | H34: 2.5875 | I34: 11.2125 | J34: MEJORA | N34: =IF(ANÁLISIS_EQUIPO[[#This Row],[PESO]]=0,"SIN IMPACTO",IF(G34<=MAX(G$32:G$60)/4,"BAJO", IF(G34<=MAX(G$32:G$60)/2,"MEDIO", IF(G34<=MAX(G$32:G$60)*3/4,"ALTO","CRITICO")))) -> SIN IMPACTO
A35: EMPRESARIAL ACTIVA | C35: ATENCIÓN TELEFÓNICA | D35: MONITOREO 1 | E35: Preguntar, | F35: 0 | G35: 0 | H35: 2.5875 | I35: 11.2125 | J35: MEJORA | N35: =IF(ANÁLISIS_EQUIPO[[#This Row],[PESO]]=0,"SIN IMPACTO",IF(G35<=MAX(G$32:G$60)/4,"BAJO", IF(G35<=MAX(G$32:G$60)/2,"MEDIO", IF(G35<=MAX(G$32:G$60)*3/4,"ALTO","CRITICO")))) -> SIN IMPACTO
A36: EMPRESARIAL ACTIVA | C36: ATENCIÓN TELEFÓNICA | D36: MONITOREO 1 | E36: Rebatir, | F36: 0 | G36: 0 | H36: 5.175 | I36: 22.425 | J36: MEJORA | N36: =IF(ANÁLISIS_EQUIPO[[#This Row],[PESO]]=0,"SIN IMPACTO",IF(G36<=MAX(G$32:G$60)/4,"BAJO", IF(G36<=MAX(G$32:G$60)/2,"MEDIO", IF(G36<=MAX(G$32:G$60)*3/4,"ALTO","CRITICO")))) -> SIN IMPACTO
A37: EMPRESARIAL ACTIVA | C37: ATENCIÓN TELEFÓNICA | D37: MONITOREO 1 | E37: Vender, | F37: 0 | G37: 0 | H37: 5.821875 | I37: 25.228125 | J37: MEJORA | N37: =IF(ANÁLISIS_EQUIPO[[#This Row],[PESO]]=0,"SIN IMPACTO",IF(G37<=MAX(G$32:G$60)/4,"BAJO", IF(G37<=MAX(G$32:G$60)/2,"MEDIO", IF(G37<=MAX(G$32:G$60)*3/4,"ALTO","CRITICO")))) -> SIN IMPACTO
A38: EMPRESARIAL ACTIVA | C38: ATENCIÓN TELEFÓNICA | D38: MONITOREO 1 | E38: Beneficios, | F38: 0 | G38: 0 | H38: 6.46875 | I38: 28.03125 | J38: MEJORA | N38: =IF(ANÁLISIS_EQUIPO[[#This Row],[PESO]]=0,"SIN IMPACTO",IF(G38<=MAX(G$32:G$60)/4,"BAJO", IF(G38<=MAX(G$32:G$60)/2,"MEDIO", IF(G38<=MAX(G$32:G$60)*3/4,"ALTO","CRITICO")))) -> SIN IMPACTO
A39: EMPRESARIAL ACTIVA | C39: ATENCIÓN TELEFÓNICA | D39: MONITOREO 1 | E39: Cierre, | F39: 0 | G39: 0 | H39: 3.234375 | I39: 14.015625 | J39: MEJORA | N39: =IF(ANÁLISIS_EQUIPO[[#This Row],[PESO]]=0,"SIN IMPACTO",IF(G39<=MAX(G$32:G$60)/4,"BAJO", IF(G39<=MAX(G$32:G$60)/2,"MEDIO", IF(G39<=MAX(G$32:G$60)*3/4,"ALTO","CRITICO")))) -> SIN IMPACTO
A40: EMPRESARIAL ACTIVA | C40: ATENCIÓN TELEFÓNICA | D40: MONITOREO 1 | E40: ActualizaciÃ³n de datos, | F40: 0 | G40: 0 | H40: 1.29375 | I40: 5.60625 | J40: MEJORA | N40: =IF(ANÁLISIS_EQUIPO[[#This Row],[PESO]]=0,"SIN IMPACTO",IF(G40<=MAX(G$32:G$60)/4,"BAJO", IF(G40<=MAX(G$32:G$60)/2,"MEDIO", IF(G40<=MAX(G$32:G$60)*3/4,"ALTO","CRITICO")))) -> SIN IMPACTO
A41: EMPRESARIAL ACTIVA | C41: ATENCIÓN TELEFÓNICA | D41: MONITOREO 1 | E41: Despedida, | F41: 0 | G41: 0 | H41: 2.5875 | I41: 11.2125 | J41: MEJORA | N41: =IF(ANÁLISIS_EQUIPO[[#This Row],[PESO]]=0,"SIN IMPACTO",IF(G41<=MAX(G$32:G$60)/4,"BAJO", IF(G41<=MAX(G$32:G$60)/2,"MEDIO", IF(G41<=MAX(G$32:G$60)*3/4,"ALTO","CRITICO")))) -> SIN IMPACTO
A42: EMPRESARIAL ACTIVA | C42: IMPECABILIDAD | D42: MONITOREO 1 | E42: Oferta, | F42: 0 | G42: 0 | H42: 1.29375 | I42: 5.60625 | J42: MEJORA | N42: =IF(ANÁLISIS_EQUIPO[[#This Row],[PESO]]=0,"SIN IMPACTO",IF(G42<=MAX(G$32:G$60)/4,"BAJO", IF(G42<=MAX(G$32:G$60)/2,"MEDIO", IF(G42<=MAX(G$32:G$60)*3/4,"ALTO","CRITICO")))) -> SIN IMPACTO
A43: EMPRESARIAL ACTIVA | C43: IMPECABILIDAD | D43: MONITOREO 1 | E43: Conocimiento Del Producto | F43: 0 | G43: 0 | H43: 0.646875 | I43: 2.803125 | J43: MEJORA | N43: =IF(ANÁLISIS_EQUIPO[[#This Row],[PESO]]=0,"SIN IMPACTO",IF(G43<=MAX(G$32:G$60)/4,"BAJO", IF(G43<=MAX(G$32:G$60)/2,"MEDIO", IF(G43<=MAX(G$32:G$60)*3/4,"ALTO","CRITICO")))) -> SIN IMPACTO
... A60: EMPRESARIAL ACTIVA | C60: METODOLOGÍA DE GESTIÓN | D60: MONITOREO 1 | E60: Protocolo De GestiÃ³n | F60: 0 | G60: 0 | H60: 0.646875 | I60: 2.803125 | J60: MEJORA | N60: =IF(ANÁLISIS_EQUIPO[[#This Row],[PESO]]=0,"SIN IMPACTO",IF(G60<=MAX(G$32:G$60)/4,"BAJO", IF(G60<=MAX(G$32:G$60)/2,"MEDIO", IF(G60<=MAX(G$32:G$60)*3/4,"ALTO","CRITICO")))) -> SIN IMPACTO
A61: EMPRESARIAL ACTIVA | C61: TOTAL | D61: TOTAL MONITOREO 1 | E61: TOTAL | F61: 17.25 | G61: 1 | H61: 46.575 | I61: 201.825 | J61: MEJORA
A62: EMPRESARIAL ACTIVA | C62: ATENCIÓN TELEFÓNICA | D62: MONITOREO 2 | E62: PresentaciÃ³n, | F62: 0 | G62: 0 | H62: 1.940625 | I62: 6.46875 | J62: MEJORA | N62: =IF(ANÁLISIS_EQUIPO[[#This Row],[PESO]]=0,"SIN IMPACTO",IF(G62<=MAX(G$62:G$90)/4,"BAJO", IF(G62<=MAX(G$62:G$90)/2,"MEDIO", IF(G62<=MAX(G$62:G$90)*3/4,"ALTO","CRITICO")))) -> SIN IMPACTO
A63: EMPRESARIAL ACTIVA | C63: ATENCIÓN TELEFÓNICA | D63: MONITOREO 2 | E63: Explica el motivo de la llamada de forma clara y rÃ¡pida, | F63: 0 | G63: 0 | H63: 4.528125 | I63: 15.09375 | J63: MEJORA | N63: =IF(ANÁLISIS_EQUIPO[[#This Row],[PESO]]=0,"SIN IMPACTO",IF(G63<=MAX(G$62:G$90)/4,"BAJO", IF(G63<=MAX(G$62:G$90)/2,"MEDIO", IF(G63<=MAX(G$62:G$90)*3/4,"ALTO","CRITICO")))) -> SIN IMPACTO
A64: EMPRESARIAL ACTIVA | C64: ATENCIÓN TELEFÓNICA | D64: MONITOREO 2 | E64: Escucha Activa, | F64: 0 | G64: 0 | H64: 2.5875 | I64: 8.625 | J64: MEJORA | N64: =IF(ANÁLISIS_EQUIPO[[#This Row],[PESO]]=0,"SIN IMPACTO",IF(G64<=MAX(G$62:G$90)/4,"BAJO", IF(G64<=MAX(G$62:G$90)/2,"MEDIO", IF(G64<=MAX(G$62:G$90)*3/4,"ALTO","CRITICO")))) -> SIN IMPACTO
A65: EMPRESARIAL ACTIVA | C65: ATENCIÓN TELEFÓNICA | D65: MONITOREO 2 | E65: Preguntar, | F65: 0 | G65: 0 | H65: 2.5875 | I65: 8.625 | J65: MEJORA | N65: =IF(ANÁLISIS_EQUIPO[[#This Row],[PESO]]=0,"SIN IMPACTO",IF(G65<=MAX(G$62:G$90)/4,"BAJO", IF(G65<=MAX(G$62:G$90)/2,"MEDIO", IF(G65<=MAX(G$62:G$90)*3/4,"ALTO","CRITICO")))) -> SIN IMPACTO
A66: EMPRESARIAL ACTIVA | C66: ATENCIÓN TELEFÓNICA | D66: MONITOREO 2 | E66: Rebatir, | F66: 0 | G66: 0 | H66: 5.175 | I66: 17.25 | J66: MEJORA | N66: =IF(ANÁLISIS_EQUIPO[[#This Row],[PESO]]=0,"SIN IMPACTO",IF(G66<=MAX(G$62:G$90)/4,"BAJO", IF(G66<=MAX(G$62:G$90)/2,"MEDIO", IF(G66<=MAX(G$62:G$90)*3/4,"ALTO","CRITICO")))) -> SIN IMPACTO
A67: EMPRESARIAL ACTIVA | C67: ATENCIÓN TELEFÓNICA | D67: MONITOREO 2 | E67: Vender, | F67: 0 | G67: 0 | H67: 5.821875 | I67: 19.40625 | J67: MEJORA | N67: =IF(ANÁLISIS_EQUIPO[[#This Row],[PESO]]=0,"SIN IMPACTO",IF(G67<=MAX(G$62:G$90)/4,"BAJO", IF(G67<=MAX(G$62:G$90)/2,"MEDIO", IF(G67<=MAX(G$62:G$90)*3/4,"ALTO","CRITICO")))) -> SIN IMPACTO
A68: EMPRESARIAL ACTIVA | C68: ATENCIÓN TELEFÓNICA | D68: MONITOREO 2 | E68: Beneficios, | F68: 0 | G68: 0 | H68: 6.46875 | I68: 21.5625 | J68: MEJORA | N68: =IF(ANÁLISIS_EQUIPO[[#This Row],[PESO]]=0,"SIN IMPACTO",IF(G68<=MAX(G$62:G$90)/4,"BAJO", IF(G68<=MAX(G$62:G$90)/2,"MEDIO", IF(G68<=MAX(G$62:G$90)*3/4,"ALTO","CRITICO")))) -> SIN IMPACTO
A69: EMPRESARIAL ACTIVA | C69: ATENCIÓN TELEFÓNICA | D69: MONITOREO 2 | E69: Cierre, | F69: 0 | G69: 0 | H69: 3.234375 | I69: 10.78125 | J69: MEJORA | N69: =IF(ANÁLISIS_EQUIPO[[#This Row],[PESO]]=0,"SIN IMPACTO",IF(G69<=MAX(G$62:G$90)/4,"BAJO", IF(G69<=MAX(G$62:G$90)/2,"MEDIO", IF(G69<=MAX(G$62:G$90)*3/4,"ALTO","CRITICO")))) -> SIN IMPACTO
A70: EMPRESARIAL ACTIVA | C70: ATENCIÓN TELEFÓNICA | D70: MONITOREO 2 | E70: ActualizaciÃ³n de datos, | F70: 0 | G70: 0 | H70: 1.29375 | I70: 4.3125 | J70: MEJORA | N70: =IF(ANÁLISIS_EQUIPO[[#This Row],[PESO]]=0,"SIN IMPACTO",IF(G70<=MAX(G$62:G$90)/4,"BAJO", IF(G70<=MAX(G$62:G$90)/2,"MEDIO", IF(G70<=MAX(G$62:G$90)*3/4,"ALTO","CRITICO")))) -> SIN IMPACTO
A71: EMPRESARIAL ACTIVA | C71: ATENCIÓN TELEFÓNICA | D71: MONITOREO 2 | E71: Despedida, | F71: 0 | G71: 0 | H71: 2.5875 | I71: 8.625 | J71: MEJORA | N71: =IF(ANÁLISIS_EQUIPO[[#This Row],[PESO]]=0,"SIN IMPACTO",IF(G71<=MAX(G$62:G$90)/4,"BAJO", IF(G71<=MAX(G$62:G$90)/2,"MEDIO", IF(G71<=MAX(G$62:G$90)*3/4,"ALTO","CRITICO")))) -> SIN IMPACTO
A72: EMPRESARIAL ACTIVA | C72: IMPECABILIDAD | D72: MONITOREO 2 | E72: Oferta, | F72: 0 | G72: 0 | H72: 1.29375 | I72: 4.3125 | J72: MEJORA | N72: =IF(ANÁLISIS_EQUIPO[[#This Row],[PESO]]=0,"SIN IMPACTO",IF(G72<=MAX(G$62:G$90)/4,"BAJO", IF(G72<=MAX(G$62:G$90)/2,"MEDIO", IF(G72<=MAX(G$62:G$90)*3/4,"ALTO","CRITICO")))) -> SIN IMPACTO
A73: EMPRESARIAL ACTIVA | C73: IMPECABILIDAD | D73: MONITOREO 2 | E73: Conocimiento Del Producto | F73: 0 | G73: 0 | H73: 0.646875 | I73: 2.15625 | J73: MEJORA | N73: =IF(ANÁLISIS_EQUIPO[[#This Row],[PESO]]=0,"SIN IMPACTO",IF(G73<=MAX(G$62:G$90)/4,"BAJO", IF(G73<=MAX(G$62:G$90)/2,"MEDIO", IF(G73<=MAX(G$62:G$90)*3/4,"ALTO","CRITICO")))) -> SIN IMPACTO
... A90: EMPRESARIAL ACTIVA | C90: METODOLOGÍA DE GESTIÓN | D90: MONITOREO 2 | E90: Protocolo De GestiÃ³n | F90: 0 | G90: 0 | H90: 0.646875 | I90: 2.15625 | J90: MEJORA | N90: =IF(ANÁLISIS_EQUIPO[[#This Row],[PESO]]=0,"SIN IMPACTO",IF(G90<=MAX(G$62:G$90)/4,"BAJO", IF(G90<=MAX(G$62:G$90)/2,"MEDIO", IF(G90<=MAX(G$62:G$90)*3/4,"ALTO","CRITICO")))) -> SIN IMPACTO
A91: EMPRESARIAL ACTIVA | C91: TOTAL | D91: TOTAL MONITOREO 2 | E91: TOTAL | F91: 0 | G91: 0 | H91: 46.575 | I91: 155.25 | J91: MEJORA
A92: EMPRESARIAL ACTIVA | C92: ATENCIÓN TELEFÓNICA | D92: MONITOREO 3 | E92: PresentaciÃ³n, | F92: 0 | G92: 0 | H92: 1.940625 | I92: 4.528125 | J92: MEJORA | N92: =IF(ANÁLISIS_EQUIPO[[#This Row],[PESO]]=0,"SIN IMPACTO",IF(G92<=MAX(G$92:G$120)/4,"BAJO", IF(G92<=MAX(G$92:G$120)/2,"MEDIO", IF(G92<=MAX(G$92:G$120)*3/4,"ALTO","CRITICO")))) -> SIN IMPACTO
A93: EMPRESARIAL ACTIVA | C93: ATENCIÓN TELEFÓNICA | D93: MONITOREO 3 | E93: Explica el motivo de la llamada de forma clara y rÃ¡pida, | F93: 0 | G93: 0 | H93: 4.528125 | I93: 10.565625 | J93: MEJORA | N93: =IF(ANÁLISIS_EQUIPO[[#This Row],[PESO]]=0,"SIN IMPACTO",IF(G93<=MAX(G$92:G$120)/4,"BAJO", IF(G93<=MAX(G$92:G$120)/2,"MEDIO", IF(G93<=MAX(G$92:G$120)*3/4,"ALTO","CRITICO")))) -> SIN IMPACTO
A94: EMPRESARIAL ACTIVA | C94: ATENCIÓN TELEFÓNICA | D94: MONITOREO 3 | E94: Escucha Activa, | F94: 0 | G94: 0 | H94: 2.5875 | I94: 6.0375 | J94: MEJORA | N94: =IF(ANÁLISIS_EQUIPO[[#This Row],[PESO]]=0,"SIN IMPACTO",IF(G94<=MAX(G$92:G$120)/4,"BAJO", IF(G94<=MAX(G$92:G$120)/2,"MEDIO", IF(G94<=MAX(G$92:G$120)*3/4,"ALTO","CRITICO")))) -> SIN IMPACTO
A95: EMPRESARIAL ACTIVA | C95: ATENCIÓN TELEFÓNICA | D95: MONITOREO 3 | E95: Preguntar, | F95: 0 | G95: 0 | H95: 2.5875 | I95: 6.0375 | J95: MEJORA | N95: =IF(ANÁLISIS_EQUIPO[[#This Row],[PESO]]=0,"SIN IMPACTO",IF(G95<=MAX(G$92:G$120)/4,"BAJO", IF(G95<=MAX(G$92:G$120)/2,"MEDIO", IF(G95<=MAX(G$92:G$120)*3/4,"ALTO","CRITICO")))) -> SIN IMPACTO
A96: EMPRESARIAL ACTIVA | C96: ATENCIÓN TELEFÓNICA | D96: MONITOREO 3 | E96: Rebatir, | F96: 0 | G96: 0 | H96: 5.175 | I96: 12.075 | J96: MEJORA | N96: =IF(ANÁLISIS_EQUIPO[[#This Row],[PESO]]=0,"SIN IMPACTO",IF(G96<=MAX(G$92:G$120)/4,"BAJO", IF(G96<=MAX(G$92:G$120)/2,"MEDIO", IF(G96<=MAX(G$92:G$120)*3/4,"ALTO","CRITICO")))) -> SIN IMPACTO
A97: EMPRESARIAL ACTIVA | C97: ATENCIÓN TELEFÓNICA | D97: MONITOREO 3 | E97: Vender, | F97: 0 | G97: 0 | H97: 5.821875 | I97: 13.584375 | J97: MEJORA | N97: =IF(ANÁLISIS_EQUIPO[[#This Row],[PESO]]=0,"SIN IMPACTO",IF(G97<=MAX(G$92:G$120)/4,"BAJO", IF(G97<=MAX(G$92:G$120)/2,"MEDIO", IF(G97<=MAX(G$92:G$120)*3/4,"ALTO","CRITICO")))) -> SIN IMPACTO
A98: EMPRESARIAL ACTIVA | C98: ATENCIÓN TELEFÓNICA | D98: MONITOREO 3 | E98: Beneficios, | F98: 0 | G98: 0 | H98: 6.46875 | I98: 15.09375 | J98: MEJORA | N98: =IF(ANÁLISIS_EQUIPO[[#This Row],[PESO]]=0,"SIN IMPACTO",IF(G98<=MAX(G$92:G$120)/4,"BAJO", IF(G98<=MAX(G$92:G$120)/2,"MEDIO", IF(G98<=MAX(G$92:G$120)*3/4,"ALTO","CRITICO")))) -> SIN IMPACTO
A99: EMPRESARIAL ACTIVA | C99: ATENCIÓN TELEFÓNICA | D99: MONITOREO 3 | E99: Cierre, | F99: 0 | G99: 0 | H99: 3.234375 | I99: 7.546875 | J99: MEJORA | N99: =IF(ANÁLISIS_EQUIPO[[#This Row],[PESO]]=0,"SIN IMPACTO",IF(G99<=MAX(G$92:G$120)/4,"BAJO", IF(G99<=MAX(G$92:G$120)/2,"MEDIO", IF(G99<=MAX(G$92:G$120)*3/4,"ALTO","CRITICO")))) -> SIN IMPACTO
A100: EMPRESARIAL ACTIVA | C100: ATENCIÓN TELEFÓNICA | D100: MONITOREO 3 | E100: ActualizaciÃ³n de datos, | F100: 0 | G100: 0 | H100: 1.29375 | I100: 3.01875 | J100: MEJORA | N100: =IF(ANÁLISIS_EQUIPO[[#This Row],[PESO]]=0,"SIN IMPACTO",IF(G100<=MAX(G$92:G$120)/4,"BAJO", IF(G100<=MAX(G$92:G$120)/2,"MEDIO", IF(G100<=MAX(G$92:G$120)*3/4,"ALTO","CRITICO")))) -> SIN IMPACTO
A101: EMPRESARIAL ACTIVA | C101: ATENCIÓN TELEFÓNICA | D101: MONITOREO 3 | E101: Despedida, | F101: 0 | G101: 0 | H101: 2.5875 | I101: 6.0375 | J101: MEJORA | N101: =IF(ANÁLISIS_EQUIPO[[#This Row],[PESO]]=0,"SIN IMPACTO",IF(G101<=MAX(G$92:G$120)/4,"BAJO", IF(G101<=MAX(G$92:G$120)/2,"MEDIO", IF(G101<=MAX(G$92:G$120)*3/4,"ALTO","CRITICO")))) -> SIN IMPACTO
A102: EMPRESARIAL ACTIVA | C102: IMPECABILIDAD | D102: MONITOREO 3 | E102: Oferta, | F102: 0 | G102: 0 | H102: 1.29375 | I102: 3.01875 | J102: MEJORA | N102: =IF(ANÁLISIS_EQUIPO[[#This Row],[PESO]]=0,"SIN IMPACTO",IF(G102<=MAX(G$92:G$120)/4,"BAJO", IF(G102<=MAX(G$92:G$120)/2,"MEDIO", IF(G102<=MAX(G$92:G$120)*3/4,"ALTO","CRITICO")))) -> SIN IMPACTO
A103: EMPRESARIAL ACTIVA | C103: IMPECABILIDAD | D103: MONITOREO 3 | E103: Conocimiento Del Producto | F103: 0 | G103: 0 | H103: 0.646875 | I103: 1.509375 | J103: MEJORA | N103: =IF(ANÁLISIS_EQUIPO[[#This Row],[PESO]]=0,"SIN IMPACTO",IF(G103<=MAX(G$92:G$120)/4,"BAJO", IF(G103<=MAX(G$92:G$120)/2,"MEDIO", IF(G103<=MAX(G$92:G$120)*3/4,"ALTO","CRITICO")))) -> SIN IMPACTO
... A120: EMPRESARIAL ACTIVA | C120: METODOLOGÍA DE GESTIÓN | D120: MONITOREO 3 | E120: Protocolo De GestiÃ³n | F120: 0 | G120: 0 | H120: 0.646875 | I120: 1.509375 | J120: MEJORA | N120: =IF(ANÁLISIS_EQUIPO[[#This Row],[PESO]]=0,"SIN IMPACTO",IF(G120<=MAX(G$92:G$120)/4,"BAJO", IF(G120<=MAX(G$92:G$120)/2,"MEDIO", IF(G120<=MAX(G$92:G$120)*3/4,"ALTO","CRITICO")))) -> SIN IMPACTO
A121: EMPRESARIAL ACTIVA | C121: TOTAL | D121: TOTAL MONITOREO 3 | E121: TOTAL | F121: 0 | G121: 0 | H121: 46.575 | I121: 108.675 | J121: MEJORA
A122: EMPRESARIAL ACTIVA | C122: ATENCIÓN TELEFÓNICA | D122: MONITOREO 4 | E122: PresentaciÃ³n, | F122: 0 | G122: 0 | H122: 1.940625 | I122: 2.5875 | J122: MEJORA | N122: =IF(ANÁLISIS_EQUIPO[[#This Row],[PESO]]=0,"SIN IMPACTO",IF(G122<=MAX(G$122:G$150)/4,"BAJO", IF(G122<=MAX(G$122:G$150)/2,"MEDIO", IF(G122<=MAX(G$122:G$150)*3/4,"ALTO","CRITICO")))) -> SIN IMPACTO
A123: EMPRESARIAL ACTIVA | C123: ATENCIÓN TELEFÓNICA | D123: MONITOREO 4 | E123: Explica el motivo de la llamada de forma clara y rÃ¡pida, | F123: 0 | G123: 0 | H123: 4.528125 | I123: 6.0375 | J123: MEJORA | N123: =IF(ANÁLISIS_EQUIPO[[#This Row],[PESO]]=0,"SIN IMPACTO",IF(G123<=MAX(G$122:G$150)/4,"BAJO", IF(G123<=MAX(G$122:G$150)/2,"MEDIO", IF(G123<=MAX(G$122:G$150)*3/4,"ALTO","CRITICO")))) -> SIN IMPACTO
A124: EMPRESARIAL ACTIVA | C124: ATENCIÓN TELEFÓNICA | D124: MONITOREO 4 | E124: Escucha Activa, | F124: 0 | G124: 0 | H124: 2.5875 | I124: 3.45 | J124: MEJORA | N124: =IF(ANÁLISIS_EQUIPO[[#This Row],[PESO]]=0,"SIN IMPACTO",IF(G124<=MAX(G$122:G$150)/4,"BAJO", IF(G124<=MAX(G$122:G$150)/2,"MEDIO", IF(G124<=MAX(G$122:G$150)*3/4,"ALTO","CRITICO")))) -> SIN IMPACTO
A125: EMPRESARIAL ACTIVA | C125: ATENCIÓN TELEFÓNICA | D125: MONITOREO 4 | E125: Preguntar, | F125: 0 | G125: 0 | H125: 2.5875 | I125: 3.45 | J125: MEJORA | N125: =IF(ANÁLISIS_EQUIPO[[#This Row],[PESO]]=0,"SIN IMPACTO",IF(G125<=MAX(G$122:G$150)/4,"BAJO", IF(G125<=MAX(G$122:G$150)/2,"MEDIO", IF(G125<=MAX(G$122:G$150)*3/4,"ALTO","CRITICO")))) -> SIN IMPACTO
A126: EMPRESARIAL ACTIVA | C126: ATENCIÓN TELEFÓNICA | D126: MONITOREO 4 | E126: Rebatir, | F126: 0 | G126: 0 | H126: 5.175 | I126: 6.9 | J126: MEJORA | N126: =IF(ANÁLISIS_EQUIPO[[#This Row],[PESO]]=0,"SIN IMPACTO",IF(G126<=MAX(G$122:G$150)/4,"BAJO", IF(G126<=MAX(G$122:G$150)/2,"MEDIO", IF(G126<=MAX(G$122:G$150)*3/4,"ALTO","CRITICO")))) -> SIN IMPACTO
A127: EMPRESARIAL ACTIVA | C127: ATENCIÓN TELEFÓNICA | D127: MONITOREO 4 | E127: Vender, | F127: 0 | G127: 0 | H127: 5.821875 | I127: 7.7625 | J127: MEJORA | N127: =IF(ANÁLISIS_EQUIPO[[#This Row],[PESO]]=0,"SIN IMPACTO",IF(G127<=MAX(G$122:G$150)/4,"BAJO", IF(G127<=MAX(G$122:G$150)/2,"MEDIO", IF(G127<=MAX(G$122:G$150)*3/4,"ALTO","CRITICO")))) -> SIN IMPACTO
A128: EMPRESARIAL ACTIVA | C128: ATENCIÓN TELEFÓNICA | D128: MONITOREO 4 | E128: Beneficios, | F128: 0 | G128: 0 | H128: 6.46875 | I128: 8.625 | J128: MEJORA | N128: =IF(ANÁLISIS_EQUIPO[[#This Row],[PESO]]=0,"SIN IMPACTO",IF(G128<=MAX(G$122:G$150)/4,"BAJO", IF(G128<=MAX(G$122:G$150)/2,"MEDIO", IF(G128<=MAX(G$122:G$150)*3/4,"ALTO","CRITICO")))) -> SIN IMPACTO
A129: EMPRESARIAL ACTIVA | C129: ATENCIÓN TELEFÓNICA | D129: MONITOREO 4 | E129: Cierre, | F129: 0 | G129: 0 | H129: 3.234375 | I129: 4.3125 | J129: MEJORA | N129: =IF(ANÁLISIS_EQUIPO[[#This Row],[PESO]]=0,"SIN IMPACTO",IF(G129<=MAX(G$122:G$150)/4,"BAJO", IF(G129<=MAX(G$122:G$150)/2,"MEDIO", IF(G129<=MAX(G$122:G$150)*3/4,"ALTO","CRITICO")))) -> SIN IMPACTO
A130: EMPRESARIAL ACTIVA | C130: ATENCIÓN TELEFÓNICA | D130: MONITOREO 4 | E130: ActualizaciÃ³n de datos, | F130: 0 | G130: 0 | H130: 1.29375 | I130: 1.725 | J130: MEJORA | N130: =IF(ANÁLISIS_EQUIPO[[#This Row],[PESO]]=0,"SIN IMPACTO",IF(G130<=MAX(G$122:G$150)/4,"BAJO", IF(G130<=MAX(G$122:G$150)/2,"MEDIO", IF(G130<=MAX(G$122:G$150)*3/4,"ALTO","CRITICO")))) -> SIN IMPACTO
A131: EMPRESARIAL ACTIVA | C131: ATENCIÓN TELEFÓNICA | D131: MONITOREO 4 | E131: Despedida, | F131: 0 | G131: 0 | H131: 2.5875 | I131: 3.45 | J131: MEJORA | N131: =IF(ANÁLISIS_EQUIPO[[#This Row],[PESO]]=0,"SIN IMPACTO",IF(G131<=MAX(G$122:G$150)/4,"BAJO", IF(G131<=MAX(G$122:G$150)/2,"MEDIO", IF(G131<=MAX(G$122:G$150)*3/4,"ALTO","CRITICO")))) -> SIN IMPACTO
A132: EMPRESARIAL ACTIVA | C132: IMPECABILIDAD | D132: MONITOREO 4 | E132: Oferta, | F132: 0 | G132: 0 | H132: 1.29375 | I132: 1.725 | J132: MEJORA | N132: =IF(ANÁLISIS_EQUIPO[[#This Row],[PESO]]=0,"SIN IMPACTO",IF(G132<=MAX(G$122:G$150)/4,"BAJO", IF(G132<=MAX(G$122:G$150)/2,"MEDIO", IF(G132<=MAX(G$122:G$150)*3/4,"ALTO","CRITICO")))) -> SIN IMPACTO
A133: EMPRESARIAL ACTIVA | C133: IMPECABILIDAD | D133: MONITOREO 4 | E133: Conocimiento Del Producto | F133: 0 | G133: 0 | H133: 0.646875 | I133: 0.8625 | J133: MEJORA | N133: =IF(ANÁLISIS_EQUIPO[[#This Row],[PESO]]=0,"SIN IMPACTO",IF(G133<=MAX(G$122:G$150)/4,"BAJO", IF(G133<=MAX(G$122:G$150)/2,"MEDIO", IF(G133<=MAX(G$122:G$150)*3/4,"ALTO","CRITICO")))) -> SIN IMPACTO
... A150: EMPRESARIAL ACTIVA | C150: METODOLOGÍA DE GESTIÓN | D150: MONITOREO 4 | E150: Protocolo De GestiÃ³n | F150: 0 | G150: 0 | H150: 0.646875 | I150: 0.8625 | J150: MEJORA | N150: =IF(ANÁLISIS_EQUIPO[[#This Row],[PESO]]=0,"SIN IMPACTO",IF(G150<=MAX(G$122:G$150)/4,"BAJO", IF(G150<=MAX(G$122:G$150)/2,"MEDIO", IF(G150<=MAX(G$122:G$150)*3/4,"ALTO","CRITICO")))) -> SIN IMPACTO
A151: EMPRESARIAL ACTIVA | C151: TOTAL | D151: TOTAL MONITOREO 4 | E151: TOTAL | F151: 0 | G151: 0 | H151: 46.575 | I151: 62.1 | J151: MEJORA

Sheet ANÁLISIS AGENTE
A1: PORTAFOLIO | B1: AGENTE | C1: FECHA | D1: SEGMENTO | E1: TIPO DE AUDITORÍA | F1: VARIABLE | G1: CALIFICACIÓN | H1: PESO | I1: IMPACTO TOTAL | J1: RESULTADO ESPERADO | K1: ESTADO | M1: SE MANTIENE | N1: MEJORA | O1: EMPEORA
A2: EMPRESARIAL ACTIVA | B2: CRISTIAN MAURICIO CIFUENTES CRUZ | C2: 45917 | D2: ATENCIÓN TELEFÓNICA | E2: DIAGNÓSTICO | F2: PresentaciÃ³n, | G2: {=TRANSPOSE(DIAGNÓSTICO!P7:AR7)} -> 0 | H2: =IFERROR((G2/$G$31),0) -> 0 | I2: =((G2)-(G2/4)) -> 0 | J2: =G2-I2 -> 0
A3: EMPRESARIAL ACTIVA | B3: CRISTIAN MAURICIO CIFUENTES CRUZ | C3: 45917 | D3: ATENCIÓN TELEFÓNICA | E3: DIAGNÓSTICO | F3: Explica el motivo de la llamada de forma clara y rÃ¡pida, | G3: 10.35 | H3: =IFERROR((G3/$G$31),0) -> 0.11111111 | I3: =((G3)-(G3/4)) -> 7.7625 | J3: =G3-I3 -> 2.5875
A4: EMPRESARIAL ACTIVA | B4: CRISTIAN MAURICIO CIFUENTES CRUZ | C4: 45917 | D4: ATENCIÓN TELEFÓNICA | E4: DIAGNÓSTICO | F4: Escucha Activa, | G4: 0 | H4: =IFERROR((G4/$G$31),0) -> 0 | I4: =((G4)-(G4/4)) -> 0 | J4: =G4-I4 -> 0
A5: EMPRESARIAL ACTIVA | B5: CRISTIAN MAURICIO CIFUENTES CRUZ | C5: 45917 | D5: ATENCIÓN TELEFÓNICA | E5: DIAGNÓSTICO | F5: Preguntar, | G5: 0 | H5: =IFERROR((G5/$G$31),0) -> 0 | I5: =((G5)-(G5/4)) -> 0 | J5: =G5-I5 -> 0
A6: EMPRESARIAL ACTIVA | B6: CRISTIAN MAURICIO CIFUENTES CRUZ | C6: 45917 | D6: ATENCIÓN TELEFÓNICA | E6: DIAGNÓSTICO | F6: Rebatir, | G6: 13.8 | H6: =IFERROR((G6/$G$31),0) -> 0.14814815 | I6: =((G6)-(G6/4)) -> 10.35 | J6: =G6-I6 -> 3.45
A7: EMPRESARIAL ACTIVA | B7: CRISTIAN MAURICIO CIFUENTES CRUZ | C7: 45917 | D7: ATENCIÓN TELEFÓNICA | E7: DIAGNÓSTICO | F7: Vender, | G7: 13.8 | H7: =IFERROR((G7/$G$31),0) -> 0.14814815 | I7: =((G7)-(G7/4)) -> 10.35 | J7: =G7-I7 -> 3.45
A8: EMPRESARIAL ACTIVA | B8: CRISTIAN MAURICIO CIFUENTES CRUZ | C8: 45917 | D8: ATENCIÓN TELEFÓNICA | E8: DIAGNÓSTICO | F8: Beneficios, | G8: 17.25 | H8: =IFERROR((G8/$G$31),0) -> 0.18518519 | I8: =((G8)-(G8/4)) -> 12.9375 | J8: =G8-I8 -> 4.3125
A9: EMPRESARIAL ACTIVA | B9: CRISTIAN MAURICIO CIFUENTES CRUZ | C9: 45917 | D9: ATENCIÓN TELEFÓNICA | E9: DIAGNÓSTICO | F9: Cierre, | G9: 13.8 | H9: =IFERROR((G9/$G$31),0) -> 0.14814815 | I9: =((G9)-(G9/4)) -> 10.35 | J9: =G9-I9 -> 3.45
A10: EMPRESARIAL ACTIVA | B10: CRISTIAN MAURICIO CIFUENTES CRUZ | C10: 45917 | D10: ATENCIÓN TELEFÓNICA | E10: DIAGNÓSTICO | F10: ActualizaciÃ³n de datos, | G10: 3.45 | H10: =IFERROR((G10/$G$31),0) -> 0.037037037 | I10: =((G10)-(G10/4)) -> 2.5875 | J10: =G10-I10 -> 0.8625
A11: EMPRESARIAL ACTIVA | B11: CRISTIAN MAURICIO CIFUENTES CRUZ | C11: 45917 | D11: ATENCIÓN TELEFÓNICA | E11: DIAGNÓSTICO | F11: Despedida, | G11: 10.35 | H11: =IFERROR((G11/$G$31),0) -> 0.11111111 | I11: =((G11)-(G11/4)) -> 7.7625 | J11: =G11-I11 -> 2.5875
A12: EMPRESARIAL ACTIVA | B12: CRISTIAN MAURICIO CIFUENTES CRUZ | C12: 45917 | D12: IMPECABILIDAD | E12: DIAGNÓSTICO | F12: Oferta, | G12: 3.45 | H12: =IFERROR((G12/$G$31),0) -> 0.037037037 | I12: =((G12)-(G12/4)) -> 2.5875 | J12: =G12-I12 -> 0.8625
A13: EMPRESARIAL ACTIVA | B13: CRISTIAN MAURICIO CIFUENTES CRUZ | C13: 45917 | D13: IMPECABILIDAD | E13: DIAGNÓSTICO | F13: Conocimiento Del Producto | G13: 0 | H13: =IFERROR((G13/$G$31),0) -> 0 | I13: =((G13)-(G13/4)) -> 0 | J13: =G13-I13 -> 0
A14: EMPRESARIAL ACTIVA | B14: CRISTIAN MAURICIO CIFUENTES CRUZ | C14: 45917 | D14: IMPECABILIDAD | E14: DIAGNÓSTICO | F14: ModulaciÃ³n | G14: 0 | H14: =IFERROR((G14/$G$31),0) -> 0 | I14: =((G14)-(G14/4)) -> 0 | J14: =G14-I14 -> 0
... A30: EMPRESARIAL ACTIVA | B30: CRISTIAN MAURICIO CIFUENTES CRUZ | C30: 45917 | D30: METODOLOGÍA DE GESTIÓN | E30: DIAGNÓSTICO | F30: Protocolo De GestiÃ³n | G30: 3.45 | H30: =IFERROR((G30/$G$31),0) -> 0.037037037 | I30: =((G30)-(G30/4)) -> 2.5875 | J30: =G30-I30 -> 0.8625
A31: EMPRESARIAL ACTIVA | B31: CRISTIAN MAURICIO CIFUENTES CRUZ | C31: 45917 | E31: DIAGNÓSTICO | G31: =SUM(G2:G30) -> 93.15 | H31: =SUM(H2:H30) -> 1 | I31: =SUM(I2:I30) -> 69.8625 | J31: =SUM(J2:J30) -> 23.2875
A32: EMPRESARIAL ACTIVA | B32: VALERIA GIRALDO RODRIGUEZ | C32: 45917 | D32: ATENCIÓN TELEFÓNICA | E32: DIAGNÓSTICO | F32: PresentaciÃ³n, | G32: {=TRANSPOSE(DIAGNÓSTICO!P13:AR13)} -> 6.9 | H32: =IFERROR((G32/$G$61),0) -> 0.10526316 | I32: =((G32)-(G32/4)) -> 5.175 | J32: =G32-I32 -> 1.725
A33: EMPRESARIAL ACTIVA | B33: VALERIA GIRALDO RODRIGUEZ | C33: 45917 | D33: ATENCIÓN TELEFÓNICA | E33: DIAGNÓSTICO | F33: Explica el motivo de la llamada de forma clara y rÃ¡pida, | G33: 10.35 | H33: =IFERROR((G33/$G$61),0) -> 0.15789474 | I33: =((G33)-(G33/4)) -> 7.7625 | J33: =G33-I33 -> 2.5875
A34: EMPRESARIAL ACTIVA | B34: VALERIA GIRALDO RODRIGUEZ | C34: 45917 | D34: ATENCIÓN TELEFÓNICA | E34: DIAGNÓSTICO | F34: Escucha Activa, | G34: 3.45 | H34: =IFERROR((G34/$G$61),0) -> 0.052631579 | I34: =((G34)-(G34/4)) -> 2.5875 | J34: =G34-I34 -> 0.8625
A35: EMPRESARIAL ACTIVA | B35: VALERIA GIRALDO RODRIGUEZ | C35: 45917 | D35: ATENCIÓN TELEFÓNICA | E35: DIAGNÓSTICO | F35: Preguntar, | G35: 6.9 | H35: =IFERROR((G35/$G$61),0) -> 0.10526316 | I35: =((G35)-(G35/4)) -> 5.175 | J35: =G35-I35 -> 1.725
A36: EMPRESARIAL ACTIVA | B36: VALERIA GIRALDO RODRIGUEZ | C36: 45917 | D36: ATENCIÓN TELEFÓNICA | E36: DIAGNÓSTICO | F36: Rebatir, | G36: 3.45 | H36: =IFERROR((G36/$G$61),0) -> 0.052631579 | I36: =((G36)-(G36/4)) -> 2.5875 | J36: =G36-I36 -> 0.8625
A37: EMPRESARIAL ACTIVA | B37: VALERIA GIRALDO RODRIGUEZ | C37: 45917 | D37: ATENCIÓN TELEFÓNICA | E37: DIAGNÓSTICO | F37: Vender, | G37: 6.9 | H37: =IFERROR((G37/$G$61),0) -> 0.10526316 | I37: =((G37)-(G37/4)) -> 5.175 | J37: =G37-I37 -> 1.725
A38: EMPRESARIAL ACTIVA | B38: VALERIA GIRALDO RODRIGUEZ | C38: 45917 | D38: ATENCIÓN TELEFÓNICA | E38: DIAGNÓSTICO | F38: Beneficios, | G38: 6.9 | H38: =IFERROR((G38/$G$61),0) -> 0.10526316 | I38: =((G38)-(G38/4)) -> 5.175 | J38: =G38-I38 -> 1.725
A39: EMPRESARIAL ACTIVA | B39: VALERIA GIRALDO RODRIGUEZ | C39: 45917 | D39: ATENCIÓN TELEFÓNICA | E39: DIAGNÓSTICO | F39: Cierre, | G39: 3.45 | H39: =IFERROR((G39/$G$61),0) -> 0.052631579 | I39: =((G39)-(G39/4)) -> 2.5875 | J39: =G39-I39 -> 0.8625
A40: EMPRESARIAL ACTIVA | B40: VALERIA GIRALDO RODRIGUEZ | C40: 45917 | D40: ATENCIÓN TELEFÓNICA | E40: DIAGNÓSTICO | F40: ActualizaciÃ³n de datos, | G40: 3.45 | H40: =IFERROR((G40/$G$61),0) -> 0.052631579 | I40: =((G40)-(G40/4)) -> 2.5875 | J40: =G40-I40 -> 0.8625
A41: EMPRESARIAL ACTIVA | B41: VALERIA GIRALDO RODRIGUEZ | C41: 45917 | D41: ATENCIÓN TELEFÓNICA | E41: DIAGNÓSTICO | F41: Despedida, | G41: 3.45 | H41: =IFERROR((G41/$G$61),0) -> 0.052631579 | I41: =((G41)-(G41/4)) -> 2.5875 | J41: =G41-I41 -> 0.8625
A42: EMPRESARIAL ACTIVA | B42: VALERIA GIRALDO RODRIGUEZ | C42: 45917 | D42: IMPECABILIDAD | E42: DIAGNÓSTICO | F42: Oferta, | G42: 0 | H42: =IFERROR((G42/$G$61),0) -> 0 | I42: =((G42)-(G42/4)) -> 0 | J42: =G42-I42 -> 0
A43: EMPRESARIAL ACTIVA | B43: VALERIA GIRALDO RODRIGUEZ | C43: 45917 | D43: IMPECABILIDAD | E43: DIAGNÓSTICO | F43: Conocimiento Del Producto | G43: 0 | H43: =IFERROR((G43/$G$61),0) -> 0 | I43: =((G43)-(G43/4)) -> 0 | J43: =G43-I43 -> 0
A44: EMPRESARIAL ACTIVA | B44: VALERIA GIRALDO RODRIGUEZ | C44: 45917 | D44: IMPECABILIDAD | E44: DIAGNÓSTICO | F44: ModulaciÃ³n | G44: 0 | H44: =IFERROR((G44/$G$61),0) -> 0 | I44: =((G44)-(G44/4)) -> 0 | J44: =G44-I44 -> 0
... A60: EMPRESARIAL ACTIVA | B60: VALERIA GIRALDO RODRIGUEZ | C60: 45917 | D60: METODOLOGÍA DE GESTIÓN | E60: DIAGNÓSTICO | F60: Protocolo De GestiÃ³n | G60: 0 | H60: =IFERROR((G60/$G$61),0) -> 0 | I60: =((G60)-(G60/4)) -> 0 | J60: =G60-I60 -> 0
A61: EMPRESARIAL ACTIVA | B61: VALERIA GIRALDO RODRIGUEZ | C61: 45917 | E61: DIAGNÓSTICO | G61: =SUM(G32:G60) -> 65.55 | H61: =SUM(H32:H60) -> 1 | I61: =SUM(I32:I60) -> 49.1625 | J61: =SUM(J32:J60) -> 16.3875
A62: EMPRESARIAL ACTIVA | B62: YISETH DAHIANA CIFUENTES CRUZ | C62: 45917 | D62: ATENCIÓN TELEFÓNICA | E62: DIAGNÓSTICO | F62: PresentaciÃ³n, | G62: {=TRANSPOSE(DIAGNÓSTICO!P19:AR19)} -> 3.45 | H62: =IFERROR((G62/$G$91),0) -> 0.038461538 | I62: =((G62)-(G62/4)) -> 2.5875 | J62: =G62-I62 -> 0.8625
A63: EMPRESARIAL ACTIVA | B63: YISETH DAHIANA CIFUENTES CRUZ | C63: 45917 | D63: ATENCIÓN TELEFÓNICA | E63: DIAGNÓSTICO | F63: Explica el motivo de la llamada de forma clara y rÃ¡pida, | G63: 3.45 | H63: =IFERROR((G63/$G$91),0) -> 0.038461538 | I63: =((G63)-(G63/4)) -> 2.5875 | J63: =G63-I63 -> 0.8625
A64: EMPRESARIAL ACTIVA | B64: YISETH DAHIANA CIFUENTES CRUZ | C64: 45917 | D64: ATENCIÓN TELEFÓNICA | E64: DIAGNÓSTICO | F64: Escucha Activa, | G64: 10.35 | H64: =IFERROR((G64/$G$91),0) -> 0.11538462 | I64: =((G64)-(G64/4)) -> 7.7625 | J64: =G64-I64 -> 2.5875
A65: EMPRESARIAL ACTIVA | B65: YISETH DAHIANA CIFUENTES CRUZ | C65: 45917 | D65: ATENCIÓN TELEFÓNICA | E65: DIAGNÓSTICO | F65: Preguntar, | G65: 6.9 | H65: =IFERROR((G65/$G$91),0) -> 0.076923077 | I65: =((G65)-(G65/4)) -> 5.175 | J65: =G65-I65 -> 1.725
A66: EMPRESARIAL ACTIVA | B66: YISETH DAHIANA CIFUENTES CRUZ | C66: 45917 | D66: ATENCIÓN TELEFÓNICA | E66: DIAGNÓSTICO | F66: Rebatir, | G66: 10.35 | H66: =IFERROR((G66/$G$91),0) -> 0.11538462 | I66: =((G66)-(G66/4)) -> 7.7625 | J66: =G66-I66 -> 2.5875
A67: EMPRESARIAL ACTIVA | B67: YISETH DAHIANA CIFUENTES CRUZ | C67: 45917 | D67: ATENCIÓN TELEFÓNICA | E67: DIAGNÓSTICO | F67: Vender, | G67: 10.35 | H67: =IFERROR((G67/$G$91),0) -> 0.11538462 | I67: =((G67)-(G67/4)) -> 7.7625 | J67: =G67-I67 -> 2.5875
A68: EMPRESARIAL ACTIVA | B68: YISETH DAHIANA CIFUENTES CRUZ | C68: 45917 | D68: ATENCIÓN TELEFÓNICA | E68: DIAGNÓSTICO | F68: Beneficios, | G68: 10.35 | H68: =IFERROR((G68/$G$91),0) -> 0.11538462 | I68: =((G68)-(G68/4)) -> 7.7625 | J68: =G68-I68 -> 2.5875
A69: EMPRESARIAL ACTIVA | B69: YISETH DAHIANA CIFUENTES CRUZ | C69: 45917 | D69: ATENCIÓN TELEFÓNICA | E69: DIAGNÓSTICO | F69: Cierre, | G69: 0 | H69: =IFERROR((G69/$G$91),0) -> 0 | I69: =((G69)-(G69/4)) -> 0 | J69: =G69-I69 -> 0
A70: EMPRESARIAL ACTIVA | B70: YISETH DAHIANA CIFUENTES CRUZ | C70: 45917 | D70: ATENCIÓN TELEFÓNICA | E70: DIAGNÓSTICO | F70: ActualizaciÃ³n de datos, | G70: 0 | H70: =IFERROR((G70/$G$91),0) -> 0 | I70: =((G70)-(G70/4)) -> 0 | J70: =G70-I70 -> 0
A71: EMPRESARIAL ACTIVA | B71: YISETH DAHIANA CIFUENTES CRUZ | C71: 45917 | D71: ATENCIÓN TELEFÓNICA | E71: DIAGNÓSTICO | F71: Despedida, | G71: 0 | H71: =IFERROR((G71/$G$91),0) -> 0 | I71: =((G71)-(G71/4)) -> 0 | J71: =G71-I71 -> 0
A72: EMPRESARIAL ACTIVA | B72: YISETH DAHIANA CIFUENTES CRUZ | C72: 45917 | D72: IMPECABILIDAD | E72: DIAGNÓSTICO | F72: Oferta, | G72: 3.45 | H72: =IFERROR((G72/$G$91),0) -> 0.038461538 | I72: =((G72)-(G72/4)) -> 2.5875 | J72: =G72-I72 -> 0.8625
A73: EMPRESARIAL ACTIVA | B73: YISETH DAHIANA CIFUENTES CRUZ | C73: 45917 | D73: IMPECABILIDAD | E73: DIAGNÓSTICO | F73: Conocimiento Del Producto | G73: 3.45 | H73: =IFERROR((G73/$G$91),0) -> 0.038461538 | I73: =((G73)-(G73/4)) -> 2.5875 | J73: =G73-I73 -> 0.8625
A74: EMPRESARIAL ACTIVA | B74: YISETH DAHIANA CIFUENTES CRUZ | C74: 45917 | D74: IMPECABILIDAD | E74: DIAGNÓSTICO | F74: ModulaciÃ³n | G74: 0 | H74: =IFERROR((G74/$G$91),0) -> 0 | I74: =((G74)-(G74/4)) -> 0 | J74: =G74-I74 -> 0
... A90: EMPRESARIAL ACTIVA | B90: YISETH DAHIANA CIFUENTES CRUZ | C90: 45917 | D90: METODOLOGÍA DE GESTIÓN | E90: DIAGNÓSTICO | F90: Protocolo De GestiÃ³n | G90: 0 | H90: =IFERROR((G90/$G$91),0) -> 0 | I90: =((G90)-(G90/4)) -> 0 | J90: =G90-I90 -> 0
A91: EMPRESARIAL ACTIVA | B91: YISETH DAHIANA CIFUENTES CRUZ | C91: 45917 | E91: DIAGNÓSTICO | G91: =SUM(G62:G90) -> 89.7 | H91: =SUM(H62:H90) -> 1 | I91: =SUM(I62:I90) -> 67.275 | J91: =SUM(J62:J90) -> 22.425
A92: EMPRESARIAL ACTIVA | B92: CRISTIAN MAURICIO CIFUENTES CRUZ | C92: 45917 | D92: ATENCIÓN TELEFÓNICA | E92: MONITOREO 1 | F92: PresentaciÃ³n, | G92: {=TRANSPOSE(DIAGNÓSTICO!P26:AR26)} -> 0 | H92: =IFERROR((G92/$G$121),0) -> 0 | I92: =I2/4 -> 0 | J92: =G2-I92 -> 0 | K92: =IF(G92<=J92,$N$1,IF(G92=G2,$M$1,IF(G92>J92,$O$1,0))) -> MEJORA
A93: EMPRESARIAL ACTIVA | B93: CRISTIAN MAURICIO CIFUENTES CRUZ | C93: 45917 | D93: ATENCIÓN TELEFÓNICA | E93: MONITOREO 1 | F93: Explica el motivo de la llamada de forma clara y rÃ¡pida, | G93: 0 | H93: =IFERROR((G93/$G$121),0) -> 0 | I93: =I3/4 -> 1.940625 | J93: =G3-I93 -> 8.409375 | K93: =IF(G93<=J93,$N$1,IF(G93=G3,$M$1,IF(G93>J93,$O$1,0))) -> MEJORA
A94: EMPRESARIAL ACTIVA | B94: CRISTIAN MAURICIO CIFUENTES CRUZ | C94: 45917 | D94: ATENCIÓN TELEFÓNICA | E94: MONITOREO 1 | F94: Escucha Activa, | G94: 0 | H94: =IFERROR((G94/$G$121),0) -> 0 | I94: =I4/4 -> 0 | J94: =G4-I94 -> 0 | K94: =IF(G94<=J94,$N$1,IF(G94=G4,$M$1,IF(G94>J94,$O$1,0))) -> MEJORA
A95: EMPRESARIAL ACTIVA | B95: CRISTIAN MAURICIO CIFUENTES CRUZ | C95: 45917 | D95: ATENCIÓN TELEFÓNICA | E95: MONITOREO 1 | F95: Preguntar, | G95: 0 | H95: =IFERROR((G95/$G$121),0) -> 0 | I95: =I5/4 -> 0 | J95: =G5-I95 -> 0 | K95: =IF(G95<=J95,$N$1,IF(G95=G5,$M$1,IF(G95>J95,$O$1,0))) -> MEJORA
A96: EMPRESARIAL ACTIVA | B96: CRISTIAN MAURICIO CIFUENTES CRUZ | C96: 45917 | D96: ATENCIÓN TELEFÓNICA | E96: MONITOREO 1 | F96: Rebatir, | G96: 0 | H96: =IFERROR((G96/$G$121),0) -> 0 | I96: =I6/4 -> 2.5875 | J96: =G6-I96 -> 11.2125 | K96: =IF(G96<=J96,$N$1,IF(G96=G6,$M$1,IF(G96>J96,$O$1,0))) -> MEJORA
A97: EMPRESARIAL ACTIVA | B97: CRISTIAN MAURICIO CIFUENTES CRUZ | C97: 45917 | D97: ATENCIÓN TELEFÓNICA | E97: MONITOREO 1 | F97: Vender, | G97: 0 | H97: =IFERROR((G97/$G$121),0) -> 0 | I97: =I7/4 -> 2.5875 | J97: =G7-I97 -> 11.2125 | K97: =IF(G97<=J97,$N$1,IF(G97=G7,$M$1,IF(G97>J97,$O$1,0))) -> MEJORA
A98: EMPRESARIAL ACTIVA | B98: CRISTIAN MAURICIO CIFUENTES CRUZ | C98: 45917 | D98: ATENCIÓN TELEFÓNICA | E98: MONITOREO 1 | F98: Beneficios, | G98: 0 | H98: =IFERROR((G98/$G$121),0) -> 0 | I98: =I8/4 -> 3.234375 | J98: =G8-I98 -> 14.015625 | K98: =IF(G98<=J98,$N$1,IF(G98=G8,$M$1,IF(G98>J98,$O$1,0))) -> MEJORA
A99: EMPRESARIAL ACTIVA | B99: CRISTIAN MAURICIO CIFUENTES CRUZ | C99: 45917 | D99: ATENCIÓN TELEFÓNICA | E99: MONITOREO 1 | F99: Cierre, | G99: 0 | H99: =IFERROR((G99/$G$121),0) -> 0 | I99: =I9/4 -> 2.5875 | J99: =G9-I99 -> 11.2125 | K99: =IF(G99<=J99,$N$1,IF(G99=G9,$M$1,IF(G99>J99,$O$1,0))) -> MEJORA
A100: EMPRESARIAL ACTIVA | B100: CRISTIAN MAURICIO CIFUENTES CRUZ | C100: 45917 | D100: ATENCIÓN TELEFÓNICA | E100: MONITOREO 1 | F100: ActualizaciÃ³n de datos, | G100: 0 | H100: =IFERROR((G100/$G$121),0) -> 0 | I100: =I10/4 -> 0.646875 | J100: =G10-I100 -> 2.803125 | K100: =IF(G100<=J100,$N$1,IF(G100=G10,$M$1,IF(G100>J100,$O$1,0))) -> MEJORA
A101: EMPRESARIAL ACTIVA | B101: CRISTIAN MAURICIO CIFUENTES CRUZ | C101: 45917 | D101: ATENCIÓN TELEFÓNICA | E101: MONITOREO 1 | F101: Despedida, | G101: 0 | H101: =IFERROR((G101/$G$121),0) -> 0 | I101: =I11/4 -> 1.940625 | J101: =G11-I101 -> 8.409375 | K101: =IF(G101<=J101,$N$1,IF(G101=G11,$M$1,IF(G101>J101,$O$1,0))) -> MEJORA
A102: EMPRESARIAL ACTIVA | B102: CRISTIAN MAURICIO CIFUENTES CRUZ | C102: 45917 | D102: IMPECABILIDAD | E102: MONITOREO 1 | F102: Oferta, | G102: 0 | H102: =IFERROR((G102/$G$121),0) -> 0 | I102: =I12/4 -> 0.646875 | J102: =G12-I102 -> 2.803125 | K102: =IF(G102<=J102,$N$1,IF(G102=G12,$M$1,IF(G102>J102,$O$1,0))) -> MEJORA
A103: EMPRESARIAL ACTIVA | B103: CRISTIAN MAURICIO CIFUENTES CRUZ | C103: 45917 | D103: IMPECABILIDAD | E103: MONITOREO 1 | F103: Conocimiento Del Producto | G103: 0 | H103: =IFERROR((G103/$G$121),0) -> 0 | I103: =I13/4 -> 0 | J103: =G13-I103 -> 0 | K103: =IF(G103<=J103,$N$1,IF(G103=G13,$M$1,IF(G103>J103,$O$1,0))) -> MEJORA
A104: EMPRESARIAL ACTIVA | B104: CRISTIAN MAURICIO CIFUENTES CRUZ | C104: 45917 | D104: IMPECABILIDAD | E104: MONITOREO 1 | F104: ModulaciÃ³n | G104: 0 | H104: =IFERROR((G104/$G$121),0) -> 0 | I104: =I14/4 -> 0 | J104: =G14-I104 -> 0 | K104: =IF(G104<=J104,$N$1,IF(G104=G14,$M$1,IF(G104>J104,$O$1,0))) -> MEJORA
... A120: EMPRESARIAL ACTIVA | B120: CRISTIAN MAURICIO CIFUENTES CRUZ | C120: 45917 | D120: METODOLOGÍA DE GESTIÓN | E120: MONITOREO 1 | F120: Protocolo De GestiÃ³n | G120: 0 | H120: =IFERROR((G120/$G$121),0) -> 0 | I120: =I30/4 -> 0.646875 | J120: =G30-I120 -> 2.803125 | K120: =IF(G120<=J120,$N$1,IF(G120=G30,$M$1,IF(G120>J120,$O$1,0))) -> MEJORA
A121: EMPRESARIAL ACTIVA | B121: CRISTIAN MAURICIO CIFUENTES CRUZ | C121: 45917 | E121: MONITOREO 1 | G121: =SUM(G92:G120) -> 0 | H121: =SUM(H92:H120) -> 0 | I121: =SUM(I92:I120) -> 17.465625 | J121: =G31-I121 -> 75.684375 | K121: =IF(G121<=J121,$N$1,IF(G121=G31,$M$1,IF(G121>J121,$O$1,0))) -> MEJORA
A122: EMPRESARIAL ACTIVA | B122: VALERIA GIRALDO RODRIGUEZ | C122: 45917 | D122: ATENCIÓN TELEFÓNICA | E122: MONITOREO 1 | F122: PresentaciÃ³n, | G122: {=TRANSPOSE(DIAGNÓSTICO!P32:AR32)} -> 0 | H122: =IFERROR((G122/$G$151),0) -> 0 | I122: =I32/4 -> 1.29375 | J122: =G32-I122 -> 5.60625 | K122: =IF(G122<=J122,$N$1,IF(G122=G32,$M$1,IF(G122>G32,$O$1,0))) -> MEJORA
A123: EMPRESARIAL ACTIVA | B123: VALERIA GIRALDO RODRIGUEZ | C123: 45917 | D123: ATENCIÓN TELEFÓNICA | E123: MONITOREO 1 | F123: Explica el motivo de la llamada de forma clara y rÃ¡pida, | G123: 0 | H123: =IFERROR((G123/$G$151),0) -> 0 | I123: =I33/4 -> 1.940625 | J123: =G33-I123 -> 8.409375 | K123: =IF(G123<=J123,$N$1,IF(G123=G33,$M$1,IF(G123>J123,$O$1,0))) -> MEJORA
A124: EMPRESARIAL ACTIVA | B124: VALERIA GIRALDO RODRIGUEZ | C124: 45917 | D124: ATENCIÓN TELEFÓNICA | E124: MONITOREO 1 | F124: Escucha Activa, | G124: 0 | H124: =IFERROR((G124/$G$151),0) -> 0 | I124: =I34/4 -> 0.646875 | J124: =G34-I124 -> 2.803125 | K124: =IF(G124<=J124,$N$1,IF(G124=G34,$M$1,IF(G124>J124,$O$1,0))) -> MEJORA
A125: EMPRESARIAL ACTIVA | B125: VALERIA GIRALDO RODRIGUEZ | C125: 45917 | D125: ATENCIÓN TELEFÓNICA | E125: MONITOREO 1 | F125: Preguntar, | G125: 0 | H125: =IFERROR((G125/$G$151),0) -> 0 | I125: =I35/4 -> 1.29375 | J125: =G35-I125 -> 5.60625 | K125: =IF(G125<=J125,$N$1,IF(G125=G35,$M$1,IF(G125>J125,$O$1,0))) -> MEJORA
A126: EMPRESARIAL ACTIVA | B126: VALERIA GIRALDO RODRIGUEZ | C126: 45917 | D126: ATENCIÓN TELEFÓNICA | E126: MONITOREO 1 | F126: Rebatir, | G126: 0 | H126: =IFERROR((G126/$G$151),0) -> 0 | I126: =I36/4 -> 0.646875 | J126: =G36-I126 -> 2.803125 | K126: =IF(G126<=J126,$N$1,IF(G126=G36,$M$1,IF(G126>J126,$O$1,0))) -> MEJORA
A127: EMPRESARIAL ACTIVA | B127: VALERIA GIRALDO RODRIGUEZ | C127: 45917 | D127: ATENCIÓN TELEFÓNICA | E127: MONITOREO 1 | F127: Vender, | G127: 0 | H127: =IFERROR((G127/$G$151),0) -> 0 | I127: =I37/4 -> 1.29375 | J127: =G37-I127 -> 5.60625 | K127: =IF(G127<=J127,$N$1,IF(G127=G37,$M$1,IF(G127>J127,$O$1,0))) -> MEJORA
A128: EMPRESARIAL ACTIVA | B128: VALERIA GIRALDO RODRIGUEZ | C128: 45917 | D128: ATENCIÓN TELEFÓNICA | E128: MONITOREO 1 | F128: Beneficios, | G128: 0 | H128: =IFERROR((G128/$G$151),0) -> 0 | I128: =I38/4 -> 1.29375 | J128: =G38-I128 -> 5.60625 | K128: =IF(G128<=J128,$N$1,IF(G128=G38,$M$1,IF(G128>J128,$O$1,0))) -> MEJORA
A129: EMPRESARIAL ACTIVA | B129: VALERIA GIRALDO RODRIGUEZ | C129: 45917 | D129: ATENCIÓN TELEFÓNICA | E129: MONITOREO 1 | F129: Cierre, | G129: 0 | H129: =IFERROR((G129/$G$151),0) -> 0 | I129: =I39/4 -> 0.646875 | J129: =G39-I129 -> 2.803125 | K129: =IF(G129<=J129,$N$1,IF(G129=G39,$M$1,IF(G129>J129,$O$1,0))) -> MEJORA
A130: EMPRESARIAL ACTIVA | B130: VALERIA GIRALDO RODRIGUEZ | C130: 45917 | D130: ATENCIÓN TELEFÓNICA | E130: MONITOREO 1 | F130: ActualizaciÃ³n de datos, | G130: 0 | H130: =IFERROR((G130/$G$151),0) -> 0 | I130: =I40/4 -> 0.646875 | J130: =G40-I130 -> 2.803125 | K130: =IF(G130<=J130,$N$1,IF(G130=G40,$M$1,IF(G130>J130,$O$1,0))) -> MEJORA
A131: EMPRESARIAL ACTIVA | B131: VALERIA GIRALDO RODRIGUEZ | C131: 45917 | D131: ATENCIÓN TELEFÓNICA | E131: MONITOREO 1 | F131: Despedida, | G131: 0 | H131: =IFERROR((G131/$G$151),0) -> 0 | I131: =I41/4 -> 0.646875 | J131: =G41-I131 -> 2.803125 | K131: =IF(G131<=J131,$N$1,IF(G131=G41,$M$1,IF(G131>J131,$O$1,0))) -> MEJORA
A132: EMPRESARIAL ACTIVA | B132: VALERIA GIRALDO RODRIGUEZ | C132: 45917 | D132: IMPECABILIDAD | E132: MONITOREO 1 | F132: Oferta, | G132: 0 | H132: =IFERROR((G132/$G$151),0) -> 0 | I132: =I42/4 -> 0 | J132: =G42-I132 -> 0 | K132: =IF(G132<=J132,$N$1,IF(G132=G42,$M$1,IF(G132>J132,$O$1,0))) -> MEJORA
A133: EMPRESARIAL ACTIVA | B133: VALERIA GIRALDO RODRIGUEZ | C133: 45917 | D133: IMPECABILIDAD | E133: MONITOREO 1 | F133: Conocimiento Del Producto | G133: 0 | H133: =IFERROR((G133/$G$151),0) -> 0 | I133: =I43/4 -> 0 | J133: =G43-I133 -> 0 | K133: =IF(G133<=J133,$N$1,IF(G133=G43,$M$1,IF(G133>J133,$O$1,0))) -> MEJORA
A134: EMPRESARIAL ACTIVA | B134: VALERIA GIRALDO RODRIGUEZ | C134: 45917 | D134: IMPECABILIDAD | E134: MONITOREO 1 | F134: ModulaciÃ³n | G134: 0 | H134: =IFERROR((G134/$G$151),0) -> 0 | I134: =I44/4 -> 0 | J134: =G44-I134 -> 0 | K134: =IF(G134<=J134,$N$1,IF(G134=G44,$M$1,IF(G134>J134,$O$1,0))) -> MEJORA
... A150: EMPRESARIAL ACTIVA | B150: VALERIA GIRALDO RODRIGUEZ | C150: 45917 | D150: METODOLOGÍA DE GESTIÓN | E150: MONITOREO 1 | F150: Protocolo De GestiÃ³n | G150: 0 | H150: =IFERROR((G150/$G$151),0) -> 0 | I150: =I60/4 -> 0 | J150: =G60-I150 -> 0 | K150: =IF(G150<=J150,$N$1,IF(G150=G60,$M$1,IF(G150>J150,$O$1,0))) -> MEJORA
A151: EMPRESARIAL ACTIVA | B151: VALERIA GIRALDO RODRIGUEZ | C151: 45917 | E151: MONITOREO 1 | G151: =SUM(G122:G150) -> 0 | H151: =SUM(H122:H150) -> 0 | I151: =SUM(I122:I150) -> 12.290625 | J151: =G61-I151 -> 53.259375 | K151: =IF(G151<=J151,$N$1,IF(G151=G61,$M$1,IF(G151>J151,$O$1,0))) -> MEJORA
A152: EMPRESARIAL ACTIVA | B152: YISETH DAHIANA CIFUENTES CRUZ | C152: 45917 | D152: ATENCIÓN TELEFÓNICA | E152: MONITOREO 1 | F152: PresentaciÃ³n, | G152: {=TRANSPOSE(DIAGNÓSTICO!P38:AR38)} -> 0 | H152: =IFERROR((G152/$G$181),0) -> 0 | I152: =I62/4 -> 0.646875 | J152: =G62-I152 -> 2.803125 | K152: =IF(G152<=J152,$N$1,IF(G152=G122,$M$1,IF(G152>G122,$O$1,0))) -> MEJORA
A153: EMPRESARIAL ACTIVA | B153: YISETH DAHIANA CIFUENTES CRUZ | C153: 45917 | D153: ATENCIÓN TELEFÓNICA | E153: MONITOREO 1 | F153: Explica el motivo de la llamada de forma clara y rÃ¡pida, | G153: 0 | H153: =IFERROR((G153/$G$181),0) -> 0 | I153: =I63/4 -> 0.646875 | J153: =G63-I153 -> 2.803125 | K153: =IF(G153<=J153,$N$1,IF(G153=G123,$M$1,IF(G153>G123,$O$1,0))) -> MEJORA
A154: EMPRESARIAL ACTIVA | B154: YISETH DAHIANA CIFUENTES CRUZ | C154: 45917 | D154: ATENCIÓN TELEFÓNICA | E154: MONITOREO 1 | F154: Escucha Activa, | G154: 0 | H154: =IFERROR((G154/$G$181),0) -> 0 | I154: =I64/4 -> 1.940625 | J154: =G64-I154 -> 8.409375 | K154: =IF(G154<=J154,$N$1,IF(G154=G124,$M$1,IF(G154>G124,$O$1,0))) -> MEJORA
A155: EMPRESARIAL ACTIVA | B155: YISETH DAHIANA CIFUENTES CRUZ | C155: 45917 | D155: ATENCIÓN TELEFÓNICA | E155: MONITOREO 1 | F155: Preguntar, | G155: 0 | H155: =IFERROR((G155/$G$181),0) -> 0 | I155: =I65/4 -> 1.29375 | J155: =G65-I155 -> 5.60625 | K155: =IF(G155<=J155,$N$1,IF(G155=G125,$M$1,IF(G155>G125,$O$1,0))) -> MEJORA
A156: EMPRESARIAL ACTIVA | B156: YISETH DAHIANA CIFUENTES CRUZ | C156: 45917 | D156: ATENCIÓN TELEFÓNICA | E156: MONITOREO 1 | F156: Rebatir, | G156: 0 | H156: =IFERROR((G156/$G$181),0) -> 0 | I156: =I66/4 -> 1.940625 | J156: =G66-I156 -> 8.409375 | K156: =IF(G156<=J156,$N$1,IF(G156=G126,$M$1,IF(G156>G126,$O$1,0))) -> MEJORA
A157: EMPRESARIAL ACTIVA | B157: YISETH DAHIANA CIFUENTES CRUZ | C157: 45917 | D157: ATENCIÓN TELEFÓNICA | E157: MONITOREO 1 | F157: Vender, | G157: 0 | H157: =IFERROR((G157/$G$181),0) -> 0 | I157: =I67/4 -> 1.940625 | J157: =G67-I157 -> 8.409375 | K157: =IF(G157<=J157,$N$1,IF(G157=G127,$M$1,IF(G157>G127,$O$1,0))) -> MEJORA
A158: EMPRESARIAL ACTIVA | B158: YISETH DAHIANA CIFUENTES CRUZ | C158: 45917 | D158: ATENCIÓN TELEFÓNICA | E158: MONITOREO 1 | F158: Beneficios, | G158: 0 | H158: =IFERROR((G158/$G$181),0) -> 0 | I158: =I68/4 -> 1.940625 | J158: =G68-I158 -> 8.409375 | K158: =IF(G158<=J158,$N$1,IF(G158=G128,$M$1,IF(G158>G128,$O$1,0))) -> MEJORA
A159: EMPRESARIAL ACTIVA | B159: YISETH DAHIANA CIFUENTES CRUZ | C159: 45917 | D159: ATENCIÓN TELEFÓNICA | E159: MONITOREO 1 | F159: Cierre, | G159: 0 | H159: =IFERROR((G159/$G$181),0) -> 0 | I159: =I69/4 -> 0 | J159: =G69-I159 -> 0 | K159: =IF(G159<=J159,$N$1,IF(G159=G129,$M$1,IF(G159>G129,$O$1,0))) -> MEJORA
A160: EMPRESARIAL ACTIVA | B160: YISETH DAHIANA CIFUENTES CRUZ | C160: 45917 | D160: ATENCIÓN TELEFÓNICA | E160: MONITOREO 1 | F160: ActualizaciÃ³n de datos, | G160: 0 | H160: =IFERROR((G160/$G$181),0) -> 0 | I160: =I70/4 -> 0 | J160: =G70-I160 -> 0 | K160: =IF(G160<=J160,$N$1,IF(G160=G130,$M$1,IF(G160>G130,$O$1,0))) -> MEJORA
A161: EMPRESARIAL ACTIVA | B161: YISETH DAHIANA CIFUENTES CRUZ | C161: 45917 | D161: ATENCIÓN TELEFÓNICA | E161: MONITOREO 1 | F161: Despedida, | G161: 0 | H161: =IFERROR((G161/$G$181),0) -> 0 | I161: =I71/4 -> 0 | J161: =G71-I161 -> 0 | K161: =IF(G161<=J161,$N$1,IF(G161=G131,$M$1,IF(G161>G131,$O$1,0))) -> MEJORA
A162: EMPRESARIAL ACTIVA | B162: YISETH DAHIANA CIFUENTES CRUZ | C162: 45917 | D162: IMPECABILIDAD | E162: MONITOREO 1 | F162: Oferta, | G162: 0 | H162: =IFERROR((G162/$G$181),0) -> 0 | I162: =I72/4 -> 0.646875 | J162: =G72-I162 -> 2.803125 | K162: =IF(G162<=J162,$N$1,IF(G162=G132,$M$1,IF(G162>G132,$O$1,0))) -> MEJORA
A163: EMPRESARIAL ACTIVA | B163: YISETH DAHIANA CIFUENTES CRUZ | C163: 45917 | D163: IMPECABILIDAD | E163: MONITOREO 1 | F163: Conocimiento Del Producto | G163: 0 | H163: =IFERROR((G163/$G$181),0) -> 0 | I163: =I73/4 -> 0.646875 | J163: =G73-I163 -> 2.803125 | K163: =IF(G163<=J163,$N$1,IF(G163=G133,$M$1,IF(G163>G133,$O$1,0))) -> MEJORA
A164: EMPRESARIAL ACTIVA | B164: YISETH DAHIANA CIFUENTES CRUZ | C164: 45917 | D164: IMPECABILIDAD | E164: MONITOREO 1 | F164: ModulaciÃ³n | G164: 0 | H164: =IFERROR((G164/$G$181),0) -> 0 | I164: =I74/4 -> 0 | J164: =G74-I164 -> 0 | K164: =IF(G164<=J164,$N$1,IF(G164=G134,$M$1,IF(G164>G134,$O$1,0))) -> MEJORA
... A180: EMPRESARIAL ACTIVA | B180: YISETH DAHIANA CIFUENTES CRUZ | C180: 45917 | D180: METODOLOGÍA DE GESTIÓN | E180: MONITOREO 1 | F180: Protocolo De GestiÃ³n | G180: 0 | H180: =IFERROR((G180/$G$181),0) -> 0 | I180: =I90/4 -> 0 | J180: =G90-I180 -> 0 | K180: =IF(G180<=J180,$N$1,IF(G180=G150,$M$1,IF(G180>G150,$O$1,0))) -> MEJORA
A181: EMPRESARIAL ACTIVA | B181: YISETH DAHIANA CIFUENTES CRUZ | C181: 45917 | E181: MONITOREO 1 | G181: =SUBTOTAL(9,G152:G180) -> 0 | H181: =SUM(H152:H180) -> 0 | I181: =SUM(I152:I180) -> 16.81875 | J181: =G91-I181 -> 72.88125 | K181: =IF(G181<=J181,$N$1,IF(G181=G151,$M$1,IF(G181>G151,$O$1,0))) -> MEJORA
A182: EMPRESARIAL ACTIVA | B182: CRISTIAN MAURICIO CIFUENTES CRUZ | C182: 45917 | D182: ATENCIÓN TELEFÓNICA | E182: MONITOREO 2 | F182: PresentaciÃ³n, | G182: {=TRANSPOSE(DIAGNÓSTICO!P45:AR45)} -> 0 | H182: =IFERROR((G182/$G$211),0) -> 0 | I182: =I92 -> 0 | J182: =((G2)-(I92+I182)) -> 0 | K182: =IF(G182<=J182,$N$1,IF(G182=G92,$M$1,IF(G182>J182,$O$1,0))) -> MEJORA
A183: EMPRESARIAL ACTIVA | B183: CRISTIAN MAURICIO CIFUENTES CRUZ | C183: 45917 | D183: ATENCIÓN TELEFÓNICA | E183: MONITOREO 2 | F183: Explica el motivo de la llamada de forma clara y rÃ¡pida, | G183: 0 | H183: =IFERROR((G183/$G$211),0) -> 0 | I183: =I93 -> 1.940625 | J183: =((G3)-(I93+I183)) -> 6.46875 | K183: =IF(G183<=J183,$N$1,IF(G183=G93,$M$1,IF(G183>J183,$O$1,0))) -> MEJORA
A184: EMPRESARIAL ACTIVA | B184: CRISTIAN MAURICIO CIFUENTES CRUZ | C184: 45917 | D184: ATENCIÓN TELEFÓNICA | E184: MONITOREO 2 | F184: Escucha Activa, | G184: 0 | H184: =IFERROR((G184/$G$211),0) -> 0 | I184: =I94 -> 0 | J184: =((G4)-(I94+I184)) -> 0 | K184: =IF(G184<=J184,$N$1,IF(G184=G94,$M$1,IF(G184>J184,$O$1,0))) -> MEJORA
A185: EMPRESARIAL ACTIVA | B185: CRISTIAN MAURICIO CIFUENTES CRUZ | C185: 45917 | D185: ATENCIÓN TELEFÓNICA | E185: MONITOREO 2 | F185: Preguntar, | G185: 0 | H185: =IFERROR((G185/$G$211),0) -> 0 | I185: =I95 -> 0 | J185: =((G5)-(I95+I185)) -> 0 | K185: =IF(G185<=J185,$N$1,IF(G185=G95,$M$1,IF(G185>J185,$O$1,0))) -> MEJORA
A186: EMPRESARIAL ACTIVA | B186: CRISTIAN MAURICIO CIFUENTES CRUZ | C186: 45917 | D186: ATENCIÓN TELEFÓNICA | E186: MONITOREO 2 | F186: Rebatir, | G186: 0 | H186: =IFERROR((G186/$G$211),0) -> 0 | I186: =I96 -> 2.5875 | J186: =((G6)-(I96+I186)) -> 8.625 | K186: =IF(G186<=J186,$N$1,IF(G186=G96,$M$1,IF(G186>J186,$O$1,0))) -> MEJORA
A187: EMPRESARIAL ACTIVA | B187: CRISTIAN MAURICIO CIFUENTES CRUZ | C187: 45917 | D187: ATENCIÓN TELEFÓNICA | E187: MONITOREO 2 | F187: Vender, | G187: 0 | H187: =IFERROR((G187/$G$211),0) -> 0 | I187: =I97 -> 2.5875 | J187: =((G7)-(I97+I187)) -> 8.625 | K187: =IF(G187<=J187,$N$1,IF(G187=G97,$M$1,IF(G187>J187,$O$1,0))) -> MEJORA
A188: EMPRESARIAL ACTIVA | B188: CRISTIAN MAURICIO CIFUENTES CRUZ | C188: 45917 | D188: ATENCIÓN TELEFÓNICA | E188: MONITOREO 2 | F188: Beneficios, | G188: 0 | H188: =IFERROR((G188/$G$211),0) -> 0 | I188: =I98 -> 3.234375 | J188: =((G8)-(I98+I188)) -> 10.78125 | K188: =IF(G188<=J188,$N$1,IF(G188=G98,$M$1,IF(G188>J188,$O$1,0))) -> MEJORA
A189: EMPRESARIAL ACTIVA | B189: CRISTIAN MAURICIO CIFUENTES CRUZ | C189: 45917 | D189: ATENCIÓN TELEFÓNICA | E189: MONITOREO 2 | F189: Cierre, | G189: 0 | H189: =IFERROR((G189/$G$211),0) -> 0 | I189: =I99 -> 2.5875 | J189: =((G9)-(I99+I189)) -> 8.625 | K189: =IF(G189<=J189,$N$1,IF(G189=G99,$M$1,IF(G189>J189,$O$1,0))) -> MEJORA
A190: EMPRESARIAL ACTIVA | B190: CRISTIAN MAURICIO CIFUENTES CRUZ | C190: 45917 | D190: ATENCIÓN TELEFÓNICA | E190: MONITOREO 2 | F190: ActualizaciÃ³n de datos, | G190: 0 | H190: =IFERROR((G190/$G$211),0) -> 0 | I190: =I100 -> 0.646875 | J190: =((G10)-(I100+I190)) -> 2.15625 | K190: =IF(G190<=J190,$N$1,IF(G190=G100,$M$1,IF(G190>J190,$O$1,0))) -> MEJORA
...

Sheet LINEAS DE TENDENCIA EQUIPO 
A1: KPI | B1: DIAGNÓSTICO | C1: MONITOREO 1 | D1: MONITOREO 2 | E1: MONITOREO 3 | F1: MONITOREO 4 | J1: KPI | K1: DIAGNÓSTICO | L1: MONITOREO 1 | M1: MONITOREO 2 | N1: MONITOREO 3 | O1: MONITOREO 4 | R1: KPI | S1: PresentaciÃ³n, | T1: Explica el motivo de la llamada de forma clara y rÃ¡pida, | U1: Escucha Activa, | V1: Preguntar, | W1: Rebatir, | X1: Vender, | Y1: Beneficios, | Z1: Cierre, | AA1: ActualizaciÃ³n de datos, | AB1: Despedida, | AC1: Oferta, | AD1: Conocimiento Del Producto | AE1: ModulaciÃ³n | AF1: Muletillas | AG1: Ruido Ambiente | AH1: TMO | AI1: Manejo De Emociones, | AJ1: AtenciÃ³n Oportuna, | AK1: Tiempos Muertos, | AL1: Corte De ComunicaciÃ³n, | AM1: TipificaciÃ³n, | AN1: ObservaciÃ³n, | AO1: Registro De Datos Actualizados, | AP1: Agendamiento, | AQ1: Cumplimiento En Seguimiento, | AR1: Realiza DevoluciÃ³n De Llamada | AS1: Uso De Medios, | AT1: Protocolo De GestiÃ³n, | AU1: Protocolo De GestiÃ³n
A2: PresentaciÃ³n, | B2: 34.5 | C2: {=_xlfn.ANCHORARRAY(PARTITURA!F32)} -> 0 | D2: {=_xlfn.ANCHORARRAY(PARTITURA!F62)} -> 0 | E2: {=_xlfn.ANCHORARRAY(PARTITURA!F92)} -> 0 | F2: {=_xlfn.ANCHORARRAY(PARTITURA!F122)} -> 0 | J2: PresentaciÃ³n, | K2: 34.5 | L2: 20.7 | M2: 0 | N2: 0 | O2: 0 | R2: DIAGNÓSTICO | S2: 34.5 | T2: 31.05 | U2: 27.6 | V2: 24.15 | W2: 17.25 | X2: 13.8 | Y2: 13.8 | Z2: 13.8 | AA2: 13.8 | AB2: 10.35 | AC2: 10.35 | AD2: 10.35 | AE2: 6.9 | AF2: 6.9 | AG2: 3.45 | AH2: 3.45 | AI2: 3.45 | AJ2: 3.45 | AK2: 1 | AL2: 2 | AM2: 3 | AN2: 4 | AO2: 5 | AP2: 5.5 | AQ2: 6 | AR2: 6.5 | AS2: 7 | AT2: 7.5 | AU2: 8
A3: Explica el motivo de la llamada de forma clara y rÃ¡pida, | B3: 31.05 | C3: 0 | D3: 0 | E3: 0 | F3: 0 | J3: Explica el motivo de la llamada de forma clara y rÃ¡pida, | K3: 31.05 | L3: 17.25 | M3: 0 | N3: 0 | O3: 0 | R3: MONITOREO 1 | S3: 20.7 | T3: 17.25 | U3: 24.15 | V3: 31.05 | W3: 37.95 | X3: 44.85 | Y3: 51.75 | Z3: 58.65 | AA3: 65.55 | AB3: 72.45 | AC3: 79.35 | AD3: 86.25 | AE3: 93.15 | AF3: 100.05 | AG3: 106.95 | AH3: 113.85 | AI3: 120.75 | AJ3: 127.65 | AK3: 134.55 | AL3: 141.45 | AM3: 148.35 | AN3: 155.25 | AO3: 162.15 | AP3: 169.05 | AQ3: 175.95 | AR3: 182.85 | AS3: 189.75 | AT3: 196.65 | AU3: 203.55
A4: Escucha Activa, | B4: 27.6 | C4: 0 | D4: 0 | E4: 0 | F4: 0 | J4: Escucha Activa, | K4: 27.6 | L4: 24.15 | M4: 0 | N4: 0 | O4: 0 | R4: MONITOREO 2 | S4: 0 | T4: 0 | U4: 0 | V4: 0 | W4: 0 | X4: 0 | Y4: 0 | Z4: 0 | AA4: 0 | AB4: 0 | AC4: 0 | AD4: 0 | AE4: 0 | AF4: 0 | AG4: 0 | AH4: 0 | AI4: 0 | AJ4: 0 | AK4: 0 | AL4: 0 | AM4: 0 | AN4: 0 | AO4: 0 | AP4: 0 | AQ4: 0 | AR4: 0 | AS4: 0 | AT4: 0 | AU4: 0
A5: Preguntar, | B5: 24.15 | C5: 0 | D5: 0 | E5: 0 | F5: 0 | J5: Preguntar, | K5: 24.15 | L5: 31.05 | M5: 0 | N5: 0 | O5: 0 | R5: MONITOREO 3 | S5: 0 | T5: 0 | U5: 0 | V5: 0 | W5: 0 | X5: 0 | Y5: 0 | Z5: 0 | AA5: 0 | AB5: 0 | AC5: 0 | AD5: 0 | AE5: 0 | AF5: 0 | AG5: 0 | AH5: 0 | AI5: 0 | AJ5: 0 | AK5: 0 | AL5: 0 | AM5: 0 | AN5: 0 | AO5: 0 | AP5: 0 | AQ5: 0 | AR5: 0 | AS5: 0 | AT5: 0 | AU5: 0
A6: Rebatir, | B6: 17.25 | C6: 0 | D6: 0 | E6: 0 | F6: 0 | J6: Rebatir, | K6: 17.25 | L6: 37.95 | M6: 0 | N6: 0 | O6: 0 | R6: MONITOREO 4 | S6: 0 | T6: 0 | U6: 0 | V6: 0 | W6: 0 | X6: 0 | Y6: 0 | Z6: 0 | AA6: 0 | AB6: 0 | AC6: 0 | AD6: 0 | AE6: 0 | AF6: 0 | AG6: 0 | AH6: 0 | AI6: 0 | AJ6: 0 | AK6: 0 | AL6: 0 | AM6: 0 | AN6: 0 | AO6: 0 | AP6: 0 | AQ6: 0 | AR6: 0 | AS6: 0 | AT6: 0 | AU6: 0
A7: Vender, | B7: 13.8 | C7: 0 | D7: 0 | E7: 0 | F7: 0 | J7: Vender, | K7: 13.8 | L7: 44.85 | M7: 0 | N7: 0 | O7: 0
A8: Beneficios, | B8: 13.8 | C8: 0 | D8: 0 | E8: 0 | F8: 0 | J8: Beneficios, | K8: 13.8 | L8: 51.75 | M8: 0 | N8: 0 | O8: 0
A9: Cierre, | B9: 13.8 | C9: 0 | D9: 0 | E9: 0 | F9: 0 | J9: Cierre, | K9: 13.8 | L9: 58.65 | M9: 0 | N9: 0 | O9: 0
A10: ActualizaciÃ³n de datos, | B10: 13.8 | C10: 0 | D10: 0 | E10: 0 | F10: 0 | J10: ActualizaciÃ³n de datos, | K10: 13.8 | L10: 65.55 | M10: 0 | N10: 0 | O10: 0
A11: Despedida, | B11: 10.35 | C11: 0 | D11: 0 | E11: 0 | F11: 0 | J11: Despedida, | K11: 10.35 | L11: 72.45 | M11: 0 | N11: 0 | O11: 0
A12: Oferta, | B12: 10.35 | C12: 0 | D12: 0 | E12: 0 | F12: 0 | J12: Oferta, | K12: 10.35 | L12: 79.35 | M12: 0 | N12: 0 | O12: 0
A13: Conocimiento Del Producto | B13: 10.35 | C13: 0 | D13: 0 | E13: 0 | F13: 0 | J13: Conocimiento Del Producto | K13: 10.35 | L13: 86.25 | M13: 0 | N13: 0 | O13: 0
A14: ModulaciÃ³n | B14: 6.9 | C14: 0 | D14: 0 | E14: 0 | F14: 0 | J14: ModulaciÃ³n | K14: 6.9 | L14: 93.15 | M14: 0 | N14: 0 | O14: 0
A15: Muletillas | B15: 6.9 | C15: 0 | D15: 0 | E15: 0 | F15: 0 | J15: Muletillas | K15: 6.9 | L15: 100.05 | M15: 0 | N15: 0 | O15: 0
A16: Ruido Ambiente | B16: 3.45 | C16: 0 | D16: 0 | E16: 0 | F16: 0 | J16: Ruido Ambiente | K16: 3.45 | L16: 106.95 | M16: 0 | N16: 0 | O16: 0
A17: TMO | B17: 3.45 | C17: 0 | D17: 0 | E17: 0 | F17: 0 | J17: TMO | K17: 3.45 | L17: 113.85 | M17: 0 | N17: 0 | O17: 0
A18: Manejo De Emociones, | B18: 3.45 | C18: 0 | D18: 0 | E18: 0 | F18: 0 | J18: Manejo De Emociones, | K18: 3.45 | L18: 120.75 | M18: 0 | N18: 0 | O18: 0
... A30: Protocolo De GestiÃ³n | B30: 8 | C30: 0 | D30: 0 | E30: 0 | F30: 0 | J30: Protocolo De GestiÃ³n | K30: 8 | L30: 203.55 | M30: 0 | N30: 0 | O30: 0
A31: KPI | B31: IMPACTO D | C31: IMPACTO M1 | D31: IMPACTO M2 | E31: IMPACTO M3 | F31: IMPACTO M4
A32: PresentaciÃ³n, | B32: 25.875 | C32: 1.940625 | D32: 1.940625 | E32: 1.940625 | F32: 1.940625
A33: Explica el motivo de la llamada de forma clara y rÃ¡pida, | B33: 23.2875 | C33: 4.528125 | D33: 4.528125 | E33: 4.528125 | F33: 4.528125
A34: Escucha Activa, | B34: 20.7 | C34: 2.5875 | D34: 2.5875 | E34: 2.5875 | F34: 2.5875
A35: Preguntar, | B35: 18.1125 | C35: 2.5875 | D35: 2.5875 | E35: 2.5875 | F35: 2.5875
A36: Rebatir, | B36: 12.9375 | C36: 5.175 | D36: 5.175 | E36: 5.175 | F36: 5.175
A37: Vender, | B37: 10.35 | C37: 5.821875 | D37: 5.821875 | E37: 5.821875 | F37: 5.821875
A38: Beneficios, | B38: 10.35 | C38: 6.46875 | D38: 6.46875 | E38: 6.46875 | F38: 6.46875
A39: Cierre, | B39: 10.35 | C39: 3.234375 | D39: 3.234375 | E39: 3.234375 | F39: 3.234375
A40: ActualizaciÃ³n de datos, | B40: 10.35 | C40: 1.29375 | D40: 1.29375 | E40: 1.29375 | F40: 1.29375
A41: Despedida, | B41: 7.7625 | C41: 2.5875 | D41: 2.5875 | E41: 2.5875 | F41: 2.5875
A42: Oferta, | B42: 7.7625 | C42: 1.29375 | D42: 1.29375 | E42: 1.29375 | F42: 1.29375
A43: Conocimiento Del Producto | B43: 7.7625 | C43: 0.646875 | D43: 0.646875 | E43: 0.646875 | F43: 0.646875
... A60: Protocolo De GestiÃ³n | B60: 0 | C60: 0.646875 | D60: 0.646875 | E60: 0.646875 | F60: 0.646875

Sheet DIAGRAMA DE FLUJO

Sheet DIAGRAMA ISHIKAWA
B2: ENTORNO | E2: MÉTODO | H2: HOMBRE
B21: MÁQUINA | E21: MATERIAL | H21: MEDIDA

Sheet ESTRATIFICACIÓN DE CAUSAS
A1: N | B1: ACTIVIDAD | C1: DESCRIPCION
A2: 1 | B2: Hombre. | C2: En este estrato encontramos que la causa raíz de una salida no conforme se debe a una situación de comportamiento, que suele darse por un tema actitudinal, más que a falta de conocimientos de los diferentes procedimientos.
A3: 2 | B3: Máquina. | C3: Hace referencia a los equipos propios para el desarrollo de las labores cotidianas, como los computadores, por lo que realizar las pruebas de viabilidad técnica es de carácter esencial.
A4: 3 | B4: Entorno. | C4: Se refiere al medio ambiente en el que nos encontramos a la hora de realizar la labor, donde puede afectar el ruido ambiente, calor, frio, lluvia, sol, viento, entre otros.
A5: 4 | B5: Material. | C5: Hace referencia a los medios virtuales o tecnológicos virtuales como el CRM, así como las herramientas (notificaciones, correos electrónicos y mensajería masiva).
A6: 5 | B6: Método. | C6: Se refiere a que se sigan estrictamente una serie de procedimientos técnicos idóneos para la labor encomendada, tales como el procedimiento de gestión de cartera, de gestión telefónica, o de notificación.
A7: 6 | B7: Medida. | C7: Hace referencia a las diversas métricas que regulan la actividad económica, desde las micro y macro, las metas individuales y grupales, hasta los KPI´S e históricos de recaudos por portafolio.
C9: Nivel. Categoría. Causa Detallada.
C10: Efecto/Problema (Define el problema que quieres analizar)
C11: | 1 | *Mano de Obra (Personas)* | Falta de capacitación específica |
C12: | | | Baja moral o motivación del equipo |
C13: | | | Errores por falta de atención / prisa |
C14: | | | Ausentismo o rotación alta |
C15: | 2 | *Métodos (Procesos)* | Procesos de trabajo ambiguos o no estandarizados |
C16: | | | Falta de protocolos de revisión y control de calidad |
C17: | | | Secuencia de pasos ineficiente |
C18: | | | Documentación de procedimientos desactualizada |
C19: | 3 | *Maquinaria (Equipos)* | Fallas frecuentes en equipos críticos |
C20: | | | Mantenimiento preventivo inadecuado |
... C34: | | | Interrupciones o distracciones externas |

Sheet MATRÍZ DE SELECCIÓN
A1: PRELACIÓN | B1: SALIDA NO CONCORME | C1: SOLUCIÓN | D1: TIEMPO EN HORAS | E1: COSTO DE LAS HORAS | F1: DESARROLLO | G1: TOTAL | H1: RESULTADO M1 | I1: RESULTADO M2 | J1: RESULTADO M3 | K1: RESULTADO M4
A2: 1 | B2: DIVISIÓN DEL TRABAJO | C2: CREACIÓN Y FORMALIZACIÓN DE LAS AREAS ESTRUCTURA Y OPERATIVAS, NECESARIAS PARA DAR SOPORTE A LA ACTIVIDAD ECONÓMICA DE LA EMPRESA. CLASIFIACIÓN DE LOS PROCEDIMIENTOS CORRESPONDIENTES A CADA ÁREA Y PROCEDIMIENTOS TRANSVERSALES. | D2: 4 | E2: 101723.4 | F2: 67984.043 | G2: 169707.45
A3: 2 | B3: ESPECIALIZACIÓN | C3: CREACIÓN DE LOS DIFERENTES CARGOS TANTO OPERATIVOS COMO DE ESTRUCTURA Y CREACIÓN DE LOS PROCEDIMIENTOS TÉCNICOS PARA AMBAS ÁREAS. | D3: 80 | E3: 2034468.1 | F3: 1359680.9 | G3: 3394148.9
A4: 3 | B4: UNIDAD DE MANDO | C4: CREACIÓN Y/O ACTUALIZACIÓN DEL MANUAL DISCIPLINARIO Y DEL INSTRUCTIVO DE LA ESTRUCTURA ORGANIZACIONAL DE LA EMPRESA CON SUS CARGOS Y DIFERENTES RESPONSABILIDADES Y EL CONDUCTO REGULAR. | D4: 4 | E4: 101723.4 | F4: 67984.043 | G4: 169707.45
A5: 4 | B5: AMPLITUD DE CONTROL | C5: POR MEDIO DE LOS PROCEDIMIENTOS DE CALIDAD DEL SERVICIO, ANÁLISIS DE PRODUCTIVIDAD Y EFECTIVIDAD, ANÁLISIS DE RIESGO, PROCEDIMIENTOS DE PRUEBAS DE VIABILIDAD, INSTRUCTIVOS DE ESTRUCTURA SE DISEÑA EL MEDIO UNIFICADO PARA RECABAR LA INFORMACIÓN QUE ESTÉ AL ALCANCE EN TIEMPO REAL DE LOS RESPONSABLES DE CADA ÁREA Y EN ESPECIAL DE GERENCIA QUIEN TENDRÁ ACCESO TOTAL. | D5: 32 | E5: 813787.23 | F5: 543872.34 | G5: 1357659.6
A6: 5 | B6: PRODUCTIVIDAD | C6: CREACIÓN DE LAS PLANTILLAS NECESARIAS PARA LA OBTENCIÓN DEL DATO DE COSTOS OPERATIVOS NECESARIOS PARA EL CALCULO DE LA EFICIENCIA, LA PRODUCTIVIDAD Y PROYECCIONES DE CRECIMIENTO ECONÓMICO. | D6: 24 | E6: 610340.43 | F6: 407904.26 | G6: 1018244.7
A7: 6 | B7: ROTACIÓN DE PERSONAL | C7: CAPACITACIÓN DEL PERSONAL PARA GARANTIZAR EL AUMENTO DE SU EFECTIVIDAD MEDIA, QUE HARÁ AUMENTAR SUS INGRESOS, SU COMPROMISO ORGANIZACIONAL Y EVITARÁ LA ROTACIÓN INNECESARIA DE PERSONAL POTENCIAL. | D7: 40 | E7: 1017234 | F7: 679840.43 | G7: 1697074.5
A8: 7 | B8: COMUNICACIÓN CON CLIENTES | C8: A TRAVÉS DE LOS DIFERENTES PROCEDIMIENTOS SE ESTABLECE UN MARCO DE ACTUACIÓN RESPECTO DEL TIEMPO DE RESPUESTA A REQUERIMIENTOS, ASI COMO LA SOLICITUD DE LOS DESARROLLOS NECESARIOS POR PARTE DEL PRESTADOR DEL SERVICIO DE CRM PARA GARANTIZAR LA GENERACIÓN DE LOS INFORMES CON LAS ESPECIFICACIONES REQUERIDAS PARA LA ANÁLITICA DE DATOS Y LA PLANEACIÓN DE ESTRATEGIAS. | D8: 40 | E8: 1017234 | F8: 679840.43 | G8: 1697074.5
A9: 8 | B9: GESTIÓN DE DESEMBOLSOS | C9: IMPLEMENTACIÓN DE UN MARCO DE ACTUACIÓN CON CRONOGRAMA QUE ESTABLEZCA LOS DIFERENTES PLAZOS Y FECHAS PARA REALIZAR LOS DESEMBOLSOS. | D9: 8 | E9: 203446.81 | F9: 135968.09 | G9: 339414.89
A10: 9 | B10: GESTIÓN COMERCIAL | C10: PROYECTO DE CHOQUE PARA AUMENTAR LA ROTACIÓN DE CONTRATOS NUEVOS POR ENCIMA DEL NIVEL OPTIMO DE ROTACIÓN, ACTUALIZACIÓN DEL SITIO WEB DE LA EMPRESA, PORTAFOLIO DE SERVICIOS Y SUS REDES SOCIALES. | D10: 16 | E10: 406893.62 | F10: 271936.17 | G10: 678829.79
A11: 10 | B11: FALLAS TÉCNICAS | C11: REALIZAR LAS PRUEBAS DE VIABILIDAD Y LOS PLANES DE CONTINGENCIA PARA ENFRENTAR EVENTUALES FALLAS TÉCNICAS. | D11: 8 | E11: 203446.81 | F11: 135968.09 | G11: 339414.89
A12: TOTAL | D12: 256 | E12: 6510297.9 | F12: 4350978.7 | G12: 10861277

Sheet PLAN DE ACCIÓN
A1: PRELACIÓN | B1: SALIDA NO CONCORME | C1: PORCENTAJE | D1: SOLUCIÓN | E1: TIEMPO EN HORAS | F1: COSTO DE LAS HORAS | G1: DESARROLLO | H1: TOTAL | I1: IMPACTO ESPERADO | J1: PESO
A2: 1 | B2: Beneficios. | C2: 0.12562814
A3: 2 | B3: Preguntar. | C3: 0.11055276
A4: 3 | B4: Rebatir. | C4: 0.095477387
A5: 4 | B5: Vender. | C5: 0.095477387
A6: 5 | B6: Explica el motivo de la llamada de forma clara y rÃ¡pida. | C6: 0.085427136
A7: 6 | B7: Cierre. | C7: 0.085427136
A8: 7 | B8: ActualizaciÃ³n de datos. | C8: 0.08040201
A9: 8 | B9: Registro De Datos Actualizados. | C9: 0.08040201
A10: 9 | B10: Despedida. | C10: 0.075376884
A11: 10 | B11: Oferta. | C11: 0.055276382
A12: 11 | B12: PresentaciÃ³n. | C12: 0.040201005
A13: 12 | B13: Conocimiento Del Producto | C13: 0.040201005
A14: 13 | B14: Escucha Activa. | C14: 0.030150754
